[{"model": "contenttypes.contenttype", "fields": {"app_label": "admin", "model": "logentry"}}, {"model": "contenttypes.contenttype", "fields": {"app_label": "auth", "model": "permission"}}, {"model": "contenttypes.contenttype", "fields": {"app_label": "auth", "model": "group"}}, {"model": "contenttypes.contenttype", "fields": {"app_label": "auth", "model": "user"}}, {"model": "contenttypes.contenttype", "fields": {"app_label": "contenttypes", "model": "contenttype"}}, {"model": "contenttypes.contenttype", "fields": {"app_label": "sessions", "model": "session"}}, {"model": "contenttypes.contenttype", "fields": {"app_label": "singgasanaseni", "model": "acara"}}, {"model": "contenttypes.contenttype", "fields": {"app_label": "singgasanaseni", "model": "istana"}}, {"model": "contenttypes.contenttype", "fields": {"app_label": "singgasanaseni", "model": "karya"}}, {"model": "contenttypes.contenttype", "fields": {"app_label": "singgasanaseni", "model": "kurator"}}, {"model": "contenttypes.contenttype", "fields": {"app_label": "singgasanaseni", "model": "perupa"}}, {"model": "contenttypes.contenttype", "fields": {"app_label": "singgasanaseni", "model": "berita"}}, {"model": "sessions.session", "pk": "0dq53ebhxrqy7wwk7ogr9vl8n8pe6iyx", "fields": {"session_data": "NWFiYTczYTRlZTBkNDI4NmIwZjNhNTg3MTE1M2YzOWNkOGE4ODQzMzp7Il9hdXRoX3VzZXJfaWQiOiIxIiwiX2F1dGhfdXNlcl9iYWNrZW5kIjoiZGphbmdvLmNvbnRyaWIuYXV0aC5iYWNrZW5kcy5Nb2RlbEJhY2tlbmQiLCJfYXV0aF91c2VyX2hhc2giOiIxNmU1NGRhNjMwNDk1NTZiOGYyYjYzZDFkZmY0MWNiZDk0Mzg3MzNmIn0=", "expire_date": "2018-10-19T13:32:26.179Z"}}, {"model": "sessions.session", "pk": "0kln7s3qd4elbma0tgapjhdfl4grs5ln", "fields": {"session_data": "MjlhOGJhZmFhMmU2ZDNlZDkxNDlmZDY4Mzk3ZmExYmZkMjUxNDA0Nzp7Il9hdXRoX3VzZXJfYmFja2VuZCI6ImRqYW5nby5jb250cmliLmF1dGguYmFja2VuZHMuTW9kZWxCYWNrZW5kIiwiX2F1dGhfdXNlcl9pZCI6IjEiLCJfYXV0aF91c2VyX2hhc2giOiIwNjIyMjVjNDEyMzE1Zjg3ZTYwZjg3Y2VhNDUxZGFiODUxZjFiOTFjIn0=", "expire_date": "2018-11-30T01:38:07.527Z"}}, {"model": "sessions.session", "pk": "1ofi3qsk6m00gye1r7kgkpz0k8ay42xk", "fields": {"session_data": "NWFiYTczYTRlZTBkNDI4NmIwZjNhNTg3MTE1M2YzOWNkOGE4ODQzMzp7Il9hdXRoX3VzZXJfaWQiOiIxIiwiX2F1dGhfdXNlcl9iYWNrZW5kIjoiZGphbmdvLmNvbnRyaWIuYXV0aC5iYWNrZW5kcy5Nb2RlbEJhY2tlbmQiLCJfYXV0aF91c2VyX2hhc2giOiIxNmU1NGRhNjMwNDk1NTZiOGYyYjYzZDFkZmY0MWNiZDk0Mzg3MzNmIn0=", "expire_date": "2018-11-07T04:22:41.792Z"}}, {"model": "sessions.session", "pk": "4talwfu3q7hem7rtvsywlr1cmolg4tww", "fields": {"session_data": "NWFiYTczYTRlZTBkNDI4NmIwZjNhNTg3MTE1M2YzOWNkOGE4ODQzMzp7Il9hdXRoX3VzZXJfaWQiOiIxIiwiX2F1dGhfdXNlcl9iYWNrZW5kIjoiZGphbmdvLmNvbnRyaWIuYXV0aC5iYWNrZW5kcy5Nb2RlbEJhY2tlbmQiLCJfYXV0aF91c2VyX2hhc2giOiIxNmU1NGRhNjMwNDk1NTZiOGYyYjYzZDFkZmY0MWNiZDk0Mzg3MzNmIn0=", "expire_date": "2018-10-18T06:51:20.399Z"}}, {"model": "sessions.session", "pk": "5kuhnektze31maul23hpz0dzt8va2lob", "fields": {"session_data": "NWFiYTczYTRlZTBkNDI4NmIwZjNhNTg3MTE1M2YzOWNkOGE4ODQzMzp7Il9hdXRoX3VzZXJfaWQiOiIxIiwiX2F1dGhfdXNlcl9iYWNrZW5kIjoiZGphbmdvLmNvbnRyaWIuYXV0aC5iYWNrZW5kcy5Nb2RlbEJhY2tlbmQiLCJfYXV0aF91c2VyX2hhc2giOiIxNmU1NGRhNjMwNDk1NTZiOGYyYjYzZDFkZmY0MWNiZDk0Mzg3MzNmIn0=", "expire_date": "2018-11-17T09:22:53.250Z"}}, {"model": "sessions.session", "pk": "6eaoih7oovywkgbjb8had535wus61830", "fields": {"session_data": "NWFiYTczYTRlZTBkNDI4NmIwZjNhNTg3MTE1M2YzOWNkOGE4ODQzMzp7Il9hdXRoX3VzZXJfaWQiOiIxIiwiX2F1dGhfdXNlcl9iYWNrZW5kIjoiZGphbmdvLmNvbnRyaWIuYXV0aC5iYWNrZW5kcy5Nb2RlbEJhY2tlbmQiLCJfYXV0aF91c2VyX2hhc2giOiIxNmU1NGRhNjMwNDk1NTZiOGYyYjYzZDFkZmY0MWNiZDk0Mzg3MzNmIn0=", "expire_date": "2018-10-18T13:50:21.747Z"}}, {"model": "sessions.session", "pk": "eup7de15tkpphs6uoaf27ysbp40z6a1x", "fields": {"session_data": "NWFiYTczYTRlZTBkNDI4NmIwZjNhNTg3MTE1M2YzOWNkOGE4ODQzMzp7Il9hdXRoX3VzZXJfaWQiOiIxIiwiX2F1dGhfdXNlcl9iYWNrZW5kIjoiZGphbmdvLmNvbnRyaWIuYXV0aC5iYWNrZW5kcy5Nb2RlbEJhY2tlbmQiLCJfYXV0aF91c2VyX2hhc2giOiIxNmU1NGRhNjMwNDk1NTZiOGYyYjYzZDFkZmY0MWNiZDk0Mzg3MzNmIn0=", "expire_date": "2018-11-06T15:05:01.095Z"}}, {"model": "sessions.session", "pk": "eyu7bqg3wa9x6srs1sq6ihdff1bebvmo", "fields": {"session_data": "MjlhOGJhZmFhMmU2ZDNlZDkxNDlmZDY4Mzk3ZmExYmZkMjUxNDA0Nzp7Il9hdXRoX3VzZXJfYmFja2VuZCI6ImRqYW5nby5jb250cmliLmF1dGguYmFja2VuZHMuTW9kZWxCYWNrZW5kIiwiX2F1dGhfdXNlcl9pZCI6IjEiLCJfYXV0aF91c2VyX2hhc2giOiIwNjIyMjVjNDEyMzE1Zjg3ZTYwZjg3Y2VhNDUxZGFiODUxZjFiOTFjIn0=", "expire_date": "2018-11-29T15:43:45.107Z"}}, {"model": "sessions.session", "pk": "s49d0jb0u10el29n5or8roru56odmpxw", "fields": {"session_data": "NWFiYTczYTRlZTBkNDI4NmIwZjNhNTg3MTE1M2YzOWNkOGE4ODQzMzp7Il9hdXRoX3VzZXJfaWQiOiIxIiwiX2F1dGhfdXNlcl9iYWNrZW5kIjoiZGphbmdvLmNvbnRyaWIuYXV0aC5iYWNrZW5kcy5Nb2RlbEJhY2tlbmQiLCJfYXV0aF91c2VyX2hhc2giOiIxNmU1NGRhNjMwNDk1NTZiOGYyYjYzZDFkZmY0MWNiZDk0Mzg3MzNmIn0=", "expire_date": "2018-10-19T00:42:53.090Z"}}, {"model": "sessions.session", "pk": "seccv09mteqclo1jln0egr1w4c82yq9a", "fields": {"session_data": "MjlhOGJhZmFhMmU2ZDNlZDkxNDlmZDY4Mzk3ZmExYmZkMjUxNDA0Nzp7Il9hdXRoX3VzZXJfYmFja2VuZCI6ImRqYW5nby5jb250cmliLmF1dGguYmFja2VuZHMuTW9kZWxCYWNrZW5kIiwiX2F1dGhfdXNlcl9pZCI6IjEiLCJfYXV0aF91c2VyX2hhc2giOiIwNjIyMjVjNDEyMzE1Zjg3ZTYwZjg3Y2VhNDUxZGFiODUxZjFiOTFjIn0=", "expire_date": "2018-11-29T15:55:41.610Z"}}, {"model": "singgasanaseni.perupa", "pk": 1, "fields": {"Nama": "Anak Agung Gde Sobrat", "Panggilan": "Anak Agung Gde Sobra", "Alamat": "", "Tempat_Lahir": "Padangtegal, Ubud", "Tanggal_Lahir": null, "Tempat_Wafat": null, "Tanggal_Wafat": null, "Kategori": "Pelukis", "Keterangan": "Sobrat was the son of an aristocratic family from the town of Padangtegal in Ubud. Prior to World War II, he was also known as I Dewa Sobrat.[1] As a child, he was exposed to various forms of art such as shadow puppet performances and sacred dances at the village's temples. He learned to make shadow puppets from his grandfather. This became the basis for his skillful depiction of the Ramayana and Mahabharata in his early paintings.", "Gambar": "perupa/Anak-Agung-Gede-Sobrat-3_owp67rs.jpg", "Upload_date": "2018-10-04T07:10:17.800Z"}}, {"model": "singgasanaseni.perupa", "pk": 2, "fields": {"Nama": "Anak Agung Gede Raka Turas", "Panggilan": "Anak Agung Gede Raka", "Alamat": "", "Tempat_Lahir": null, "Tanggal_Lahir": null, "Tempat_Wafat": null, "Tanggal_Wafat": null, "Kategori": "Pelukis", "Keterangan": "", "Gambar": "perupa/AAGdTuras_uBbxOV8.jpg", "Upload_date": "2018-10-04T07:14:44.425Z"}}, {"model": "singgasanaseni.perupa", "pk": 3, "fields": {"Nama": "Raden Agoes Djajasoeminta", "Panggilan": "Agus Djaya", "Alamat": "", "Tempat_Lahir": "Pandeglang, Banten", "Tanggal_Lahir": null, "Tempat_Wafat": "Bogor, Jawa Barat", "Tanggal_Wafat": null, "Kategori": "Pelukis", "Keterangan": "merupakan pelukis asal Indonesia. Di zaman pendudukan Jepang, ia direkomendasikan oleh Bung Karno untuk menjadi Ketua Pusat Kebudayaan Bagian Senirupa (1942-1945). Pada zaman revolusi kemerdekaan ia aktif sebagai Kolonel Intel dan F.P (Persiapan Lapangan). Namun, setelah kemerdekaan ia kembali aktif ke dunia seni rupa.", "Gambar": "perupa/agus-djaja.jpg", "Upload_date": "2018-10-04T07:17:21.000Z"}}, {"model": "singgasanaseni.perupa", "pk": 4, "fields": {"Nama": "Alimin Tamin", "Panggilan": "Alimin Tamin", "Alamat": "", "Tempat_Lahir": null, "Tanggal_Lahir": null, "Tempat_Wafat": null, "Tanggal_Wafat": null, "Kategori": "Pelukis", "Keterangan": "", "Gambar": "perupa/ps_no_img.png", "Upload_date": "2018-10-04T07:22:13.505Z"}}, {"model": "singgasanaseni.perupa", "pk": 5, "fields": {"Nama": "Alimin", "Panggilan": "Alimin", "Alamat": "", "Tempat_Lahir": null, "Tanggal_Lahir": null, "Tempat_Wafat": null, "Tanggal_Wafat": null, "Kategori": "Pelukis", "Keterangan": "", "Gambar": "perupa/ps_no_img_1sjPgSB.png", "Upload_date": "2018-10-04T07:22:37.057Z"}}, {"model": "singgasanaseni.perupa", "pk": 6, "fields": {"Nama": "Amri Yahya", "Panggilan": "Amri Yahya", "Alamat": "", "Tempat_Lahir": null, "Tanggal_Lahir": null, "Tempat_Wafat": null, "Tanggal_Wafat": null, "Kategori": "Pelukis", "Keterangan": "", "Gambar": "perupa/ps_no_img_JvrbjgR.png", "Upload_date": "2018-10-04T07:25:33.025Z"}}, {"model": "singgasanaseni.perupa", "pk": 7, "fields": {"Nama": "Anonim", "Panggilan": "Anonim", "Alamat": "", "Tempat_Lahir": null, "Tanggal_Lahir": null, "Tempat_Wafat": null, "Tanggal_Wafat": null, "Kategori": "Pelukis", "Keterangan": "", "Gambar": "perupa/ps_no_img_M5Pl4Bd.png", "Upload_date": "2018-10-04T07:25:54.315Z"}}, {"model": "singgasanaseni.perupa", "pk": 8, "fields": {"Nama": "Auke Cornelis Sonnega", "Panggilan": "Auke Cornelis Sonneg", "Alamat": "", "Tempat_Lahir": null, "Tanggal_Lahir": null, "Tempat_Wafat": null, "Tanggal_Wafat": null, "Kategori": "Pelukis", "Keterangan": "Auke Cornelis Sonnega was a Dutch painter who was born in 1910. Many works by the artist have been sold at auction, including 'Balisch Hoogtij (Rampant Bali)' sold at Larasati", "Gambar": "perupa/ps_no_img_PBBpcLP.png", "Upload_date": "2018-10-04T07:32:56.705Z"}}, {"model": "singgasanaseni.perupa", "pk": 9, "fields": {"Nama": "Fransiskus Xaverius Basuki Abdullah", "Panggilan": "Basuki Abdullah", "Alamat": "", "Tempat_Lahir": "Surakarta", "Tanggal_Lahir": "1915-01-25", "Tempat_Wafat": "Jakarta", "Tanggal_Wafat": "1993-11-05", "Kategori": "Pelukis", "Keterangan": "Ia dikenal sebagai pelukis aliran realis dan naturalis. Ia pernah diangkat menjadi pelukis resmi Istana Merdeka Jakarta dan karya-karyanya menghiasi istana-istana negara dan kepresidenan Indonesia, disamping menjadi barang koleksi dari penjuru dunia.", "Gambar": "perupa/homeartist2.jpg", "Upload_date": "2018-10-04T07:36:27.876Z"}}, {"model": "singgasanaseni.perupa", "pk": 12, "fields": {"Nama": "Raden Saleh", "Panggilan": "Raden Saleh", "Alamat": "", "Tempat_Lahir": null, "Tanggal_Lahir": null, "Tempat_Wafat": null, "Tanggal_Wafat": null, "Kategori": "Pelukis", "Keterangan": "Raden Saleh dilahirkan dalam sebuah keluarga Jawa ningrat. Dia adalah cucu dari Sayyid Abdoellah Boestaman dari sisi ibunya. Ayahnya adalah Sayyid Hoesen bin Alwi bin Awal bin Jahja, seorang keturunan Arab.[4] Ibunya bernama Mas Adjeng Zarip Hoesen, tinggal di daerah Terboyo, dekat Semarang. Sejak usia 10 tahun, ia diserahkan pamannya, Bupati Semarang, kepada orang-orang Belanda atasannya di Batavia. Kegemaran menggambar mulai menonjol sewaktu bersekolah di sekolah rakyat (Volks-School).\r\n\r\nKeramahannya bergaul memudahkannya masuk ke lingkungan orang Belanda dan lembaga-lembaga elite Hindia Belanda. Seorang kenalannya, Prof. Caspar Reinwardt, pendiri Kebun Raya Bogor sekaligus Direktur Pertanian, Kesenian, dan Ilmu Pengetahuan untuk Jawa dan pulau sekitarnya, menilainya pantas mendapat ikatan dinas di departemennya. Kebetulan di instansi itu ada pelukis keturunan Belgia, A.A.J. Payen yang didatangkan dari Belanda untuk membuat lukisan pemandangan di Pulau Jawa untuk hiasan kantor Departemen van Kolonieen di Belanda. Payen tertarik pada bakat Raden Saleh dan berinisiatif memberikan bimbingan.", "Gambar": "perupa/homeartist1.jpg", "Upload_date": "2018-11-15T15:48:40.102Z"}}, {"model": "singgasanaseni.perupa", "pk": 13, "fields": {"Nama": "S. Soedjojono", "Panggilan": "S.Soedjojono", "Alamat": "", "Tempat_Lahir": null, "Tanggal_Lahir": null, "Tempat_Wafat": null, "Tanggal_Wafat": null, "Kategori": "Pelukis", "Keterangan": "Soedjojono terlahir Soedjiojono lahir dari keluarga transmigran asal Pulau Jawa. Ayahnya, Sindudarmo, adalah mantri kesehatan di perkebunan karet Kisaran, Sumatera Utara, beristrikan Marijem, seorang buruh perkebunan. Ia lalu dijadikan anak angkat oleh seorang guru HIS, Joedhokoesoemo. Oleh bapak angkat inilah, Djon (nama panggilannya) diajak ke Jakarta (waktu itu masih bernama Batavia) pada 1925. Ia menamatkan HIS di Jakarta, lalu melanjutkan SMP di Cimahi, dan menyelesaikan SMA di Perguruan Taman Siswa di Yogyakarta. Di Yogyakarta itulah ia sempat belajar montir sebelum belajar melukis kepada RM Pirngadie selama beberapa bulan. Sewaktu di Jakarta, ia belajar kepada pelukis Jepang, Chioyi Yazaki.", "Gambar": "perupa/homeartist3.jpg", "Upload_date": "2018-11-15T15:49:45.719Z"}}, {"model": "singgasanaseni.perupa", "pk": 14, "fields": {"Nama": "Barli Sasmitawinata", "Panggilan": "Barli", "Alamat": "", "Tempat_Lahir": null, "Tanggal_Lahir": null, "Tempat_Wafat": null, "Tanggal_Wafat": null, "Kategori": "Pelukis", "Keterangan": "Barli Sasmitawinata\r\n280px\r\nLahir\tBarli Sasmitawinata\r\n18 Maret 1921\r\nBendera Belanda Bandung, Hindia Belanda\r\nMeninggal\t8 Februari 2007 (umur 85)\r\nBendera Indonesia Bandung, Jawa Barat, Indonesia\r\nKebangsaan\tIndonesia\r\nPendidikan\t\r\nAcad\u00e9mie de la Grande Chaumi\u00e8re, Paris, 1950.\r\nRijksakademie van beeldende kunsten, Amsterdam, 1956.\r\nPekerjaan\t\r\nDosen, Institut Teknologi Bandung (ITB)\r\nPerintis jurusan seni rupa di Institut Kejuruan dan Ilmu Pendidikan (IKIP, kini bernama Universitas Pendidikan Indonesia) tahun 1961.\r\nOrganisasi\t\r\nKelompok Lima Bandung\r\nStudio Jiwa Mukti, 1948.\r\nSanggar Rangga Gempol, Dago, Bandung, 1958.\r\nKetua \" SENDRATARI VIATIKARA\"\r\nMuseum Barli, Bandung, 1992\r\nDikenal atas\tPelukis\r\nSuami/istri\t\r\nAtikah Basari (menikah 1946, meninggal tahun 1991).\r\nNakisbandiyah (menikah 1992}.\r\nAnak\t\r\nDrs. Agung Wiwekaputra\r\nDrg. Nirwati Chandra Dewi, Sp.Ortho\r\nPenghargaan\t\r\nSatyalancana Kebudayaan, 2000.\r\nBarli Sasmitawinata (lahir di Bandoeng, 18 Maret 1921 \u2013 meninggal di Bandung, 8 Februari 2007 pada umur 85 tahun) adalah seorang pelukis realis asal Indonesia.\r\n\r\nPerjalanan\r\nIa mulai menekuni dunia seni lukis sekitar tahun 1930-an dan merupakan bagian dari \"Kelompok Lima\" yang juga beranggotakan Affandi, Hendra Gunawan, Sudarso, dan Wahdi. Awalnya ia menjadi pelukis atas permintaan kakak iparnya pada tahun 1935 agar ia memulai belajar melukis di studio milik Jos Pluimentz, pelukis asal Belgia yang tinggal di Bandung. Di sana ia banyak belajar melukis alam benda. Setelah berguru pada pelukis Italia Luigi Nobili (juga di Bandung), pada tahun 1950-an ia lalu melanjutkan pendidikan seni rupa di Eropa. Latar belakang pendidikan tingginya di Belanda dan Perancis (Acad\u00e9mie de la Grande Chaumi\u00e8re, Paris, 1950 dan Rijksakademie van beeldende kunsten, Amsterdam, 1956) terwakili dalam karya-karyanya yang menunjukkan penguasaan teknik menggambar anatomi tubuh secara rinci.", "Gambar": "", "Upload_date": "2018-11-18T15:55:00.933Z"}}, {"model": "singgasanaseni.perupa", "pk": 15, "fields": {"Nama": "Dullah", "Panggilan": "Dullah", "Alamat": "", "Tempat_Lahir": "Surakarta", "Tanggal_Lahir": "1919-09-17", "Tempat_Wafat": "Yogyakarta", "Tanggal_Wafat": "1996-01-01", "Kategori": "Pelukis", "Keterangan": "Dullah lahir di Surakarta, dari keluarga dari keluarga pembatik. Ia belajar melukis dari S. Sudjojono dan Affandi, sewaktu menjadi anggota kelompok Seniman Indonesia Moeda (SIM). Semasa pendudukan Belanda di Yogyakarta, Dullah dan pelukis-pelukis muda lainnya banyak mengabadikan berbagai peristiwa perjuangan dan peperangan yang terjadi, sehingga ia juga dikenal sebagai \"pelukis revolusioner\".Atas rekomendasi S. Soedjono, pada masa pendudukan Jepang, Dullah pernah bergabung dengan Poetera (Poesat Tenaga Rakjat). Salah satu poster perjuangan terawal, Boeng, Ajo Boeng, menggambarkan laki-laki memutus belenggu dengan latar bendera merah putih, dilukis oleh Affandi dengan menggunakan Dullah sebagai modelnya.", "Gambar": "", "Upload_date": "2018-11-20T06:37:17.814Z"}}, {"model": "singgasanaseni.perupa", "pk": 16, "fields": {"Nama": "Lee Man Fong", "Panggilan": "Lee Man Fong", "Alamat": "", "Tempat_Lahir": "Tiongkok", "Tanggal_Lahir": null, "Tempat_Wafat": "Puncak, Jawa Barat", "Tanggal_Wafat": null, "Kategori": "Pelukis", "Keterangan": "Lee Man Fong (1913-1988) adalah seorang pelukis Indonesia yang dilahirkan di Tiongkok. Ia dibesarkan dan mendapatkan pendidikannya di Singapura. Di sana ia belajar melukis dengan seorang pelukis Lingnan, dan belakangan dengan seorang guru yang mengajarkannya lukisan minyak. Pada tahun 1933 ia pergi ke Indonesia dan tinggal di sana selama 33 tahun. Pada masa Perang Dunia II ia ditawan Jepang, dan setelah Indonesia merdeka, ia menjadi pelukis istana Presiden Soekarno dan menjadi warga negara Indonesia. Lukisan-lukisan Lee Man Fong diakui sebagai perintis pelukis Asia Tenggara. Pada Tahun 1964 ia ditunjuk oleh Presiden Soekarno untuk membuat buku yang berjudul \"Lukisan-Lukisan dan Patung dari Koleksi Presiden Soekarno dari Republik Indonesia\" buku ini berisi seluruh karya-karya seni yang dimiliki Presiden Soekarno dan semuanya berjumlah 5 Volume.", "Gambar": "", "Upload_date": "2018-11-20T07:29:55.931Z"}}, {"model": "singgasanaseni.perupa", "pk": 17, "fields": {"Nama": "Sudarso", "Panggilan": "Sudarso", "Alamat": "", "Tempat_Lahir": "Purwokerto", "Tanggal_Lahir": null, "Tempat_Wafat": "Purwakarta", "Tanggal_Wafat": "2006-06-20", "Kategori": "Pelukis", "Keterangan": "Ia belajar melukis di Bandung bersama pelukis Affandi dan Barli pada tahun 1937. Ayahnya seorang carik desa. Menyukai menggambar sejak kanak-kanak dengan meniru bentuk tokoh-tokoh wayang kulit. Tamat Sekolah Dasar Arjoena School di Ajibarang, Jawa Tengah, tahun 1931. Sejak itu sampai tahun 1938 berkelana ke Bandung, hidup dari berdagang telur dan susu berkeliling kota hingga bertemu Affandi, pelanggannya. Mulai saat itu ia berlatih melukis dengan Affandi. Ia pernah mengadakan pameran lukisan tunggal di Kedutaan Argentina, Jakrta pada tahun 1960, dan di Balau Budaya Jakarta tahun 1969. Tentang seni lukisnya, ia terkenal dalam Seni Lukis Jakarta dalam Sorotan. Sudarso suka melukis perempuan desa yang tampak sederhana dengan gambar pemandangan alam sebagai latar dengan gaya yang khas. Ia dianggap tepat dalam mengungkapkan psikologi wanita desa, sederhana, polos dan wajar. Kebanyakan lukisan itu berpose sedang duduk. Penggambaran kaki tangan perempuan-perempuan dalam arti kualitatif juga sangat menonjol. Affandi mengakui bahwa sampai saat ini, dia merupakan pelukis Indonesia yang pandai menggambar kaki dan tangan. Beberapa karyanya adalah, Gajah Uwong, Wanita, Ibu dan Anak, dan Dik Kedah.", "Gambar": "", "Upload_date": "2018-11-20T11:47:31.915Z"}}, {"model": "singgasanaseni.karya", "pk": 12, "fields": {"No_Index": "MG_4112", "Judul": "Upacara Pembarakan Jenazah di Bali", "Perupa": 9, "Jenis": "Lukisan", "Kategori": "Tradisi/Budaya/Mitologi/Keseharian", "Dimensi": "-", "Material": "oil on canvas", "Tahun_Pembuatan": null, "Gambar": "karya/_MG_4112_1_copy_copy.jpg", "Lokasi_Lukisan": 2, "Keterangan": "", "Upload_date": "2018-11-15T16:08:14.264Z"}}, {"model": "singgasanaseni.karya", "pk": 13, "fields": {"No_Index": "MG_4345", "Judul": "Gadis Bali Membawa Bakul", "Perupa": 9, "Jenis": "Lukisan", "Kategori": "Potret dan Sensualitas", "Dimensi": "-", "Material": "cat air - kertas", "Tahun_Pembuatan": null, "Gambar": "karya/_MG_4345_copy_copy.jpg", "Lokasi_Lukisan": 2, "Keterangan": "", "Upload_date": "2018-11-15T16:14:13.066Z"}}, {"model": "singgasanaseni.karya", "pk": 14, "fields": {"No_Index": "MG_4501", "Judul": "Tari Kebyar", "Perupa": 9, "Jenis": "Lukisan", "Kategori": "Tradisi/Budaya/Mitologi/Keseharian", "Dimensi": "-", "Material": "cat air - kertas", "Tahun_Pembuatan": null, "Gambar": "karya/_MG_4501_copy_copy.jpg", "Lokasi_Lukisan": 2, "Keterangan": "", "Upload_date": "2018-11-15T16:17:30.632Z"}}, {"model": "singgasanaseni.karya", "pk": 15, "fields": {"No_Index": "MG_2903", "Judul": "Nyai Roro Kidul", "Perupa": 9, "Jenis": "Lukisan", "Kategori": "Potret dan Sensualitas", "Dimensi": "-", "Material": "Cat Minyak -Kanvas", "Tahun_Pembuatan": null, "Gambar": "karya/_MG_2903.jpg", "Lokasi_Lukisan": 3, "Keterangan": "", "Upload_date": "2018-11-15T16:24:58.981Z"}}, {"model": "singgasanaseni.karya", "pk": 16, "fields": {"No_Index": "MG_2921", "Judul": "Nasehat Kakek", "Perupa": 9, "Jenis": "Lukisan", "Kategori": "Potret dan Sensualitas", "Dimensi": "-", "Material": "Cat Minyak -Kanvas", "Tahun_Pembuatan": null, "Gambar": "karya/_MG_2921.jpg", "Lokasi_Lukisan": 3, "Keterangan": "", "Upload_date": "2018-11-15T16:28:16.202Z"}}, {"model": "singgasanaseni.karya", "pk": 17, "fields": {"No_Index": "MG_3077", "Judul": "Ombak Samudera", "Perupa": 9, "Jenis": "Lukisan", "Kategori": "Alam dan Benda", "Dimensi": "-", "Material": "Cat Minyak -Kanvas", "Tahun_Pembuatan": null, "Gambar": "karya/_MG_3077.jpg", "Lokasi_Lukisan": 3, "Keterangan": "", "Upload_date": "2018-11-15T16:36:08.388Z"}}, {"model": "singgasanaseni.karya", "pk": 18, "fields": {"No_Index": "MG_3108", "Judul": "Wanita Turun Dari Becak", "Perupa": 9, "Jenis": "Lukisan", "Kategori": "Potret dan Sensualitas", "Dimensi": "-", "Material": "Cat Minyak -Kanvas", "Tahun_Pembuatan": null, "Gambar": "karya/_MG_3108.jpg", "Lokasi_Lukisan": 3, "Keterangan": "", "Upload_date": "2018-11-15T16:39:07.197Z"}}, {"model": "singgasanaseni.karya", "pk": 19, "fields": {"No_Index": "MG_3118", "Judul": "Pemandangan Gunung Merapi", "Perupa": 9, "Jenis": "Lukisan", "Kategori": "Alam dan Benda", "Dimensi": "-", "Material": "Cat Minyak -Kanvas", "Tahun_Pembuatan": null, "Gambar": "karya/_MG_3118_28js9CG.jpg", "Lokasi_Lukisan": 3, "Keterangan": "", "Upload_date": "2018-11-15T16:59:26.480Z"}}, {"model": "singgasanaseni.karya", "pk": 20, "fields": {"No_Index": "MG_3125", "Judul": "Potret Wanita", "Perupa": 9, "Jenis": "Lukisan", "Kategori": "Potret dan Sensualitas", "Dimensi": "-", "Material": "Cat Minyak -Kanvas", "Tahun_Pembuatan": null, "Gambar": "karya/_MG_3125.jpg", "Lokasi_Lukisan": 3, "Keterangan": "", "Upload_date": "2018-11-15T18:06:27.705Z"}}, {"model": "singgasanaseni.karya", "pk": 21, "fields": {"No_Index": "MG_3448", "Judul": "Dr.Ir. Soekarno", "Perupa": 9, "Jenis": "Lukisan", "Kategori": "Potret dan Sensualitas", "Dimensi": "-", "Material": "Pastel - Kertas", "Tahun_Pembuatan": null, "Gambar": "karya/_MG_3448.jpg", "Lokasi_Lukisan": 3, "Keterangan": "", "Upload_date": "2018-11-15T18:08:24.615Z"}}, {"model": "singgasanaseni.karya", "pk": 22, "fields": {"No_Index": "MG_3551", "Judul": "Gadis Berbaju Hijau", "Perupa": 9, "Jenis": "Lukisan", "Kategori": "Potret dan Sensualitas", "Dimensi": "-", "Material": "Pastel - Kertas", "Tahun_Pembuatan": null, "Gambar": "karya/_MG_3551.jpg", "Lokasi_Lukisan": 3, "Keterangan": "", "Upload_date": "2018-11-15T18:09:27.420Z"}}, {"model": "singgasanaseni.karya", "pk": 23, "fields": {"No_Index": "MG_3698", "Judul": "Pemandangan", "Perupa": 9, "Jenis": "Lukisan", "Kategori": "Alam dan Benda", "Dimensi": "-", "Material": "Cat Minyak -Kanvas", "Tahun_Pembuatan": null, "Gambar": "karya/_MG_3698.jpg", "Lokasi_Lukisan": 3, "Keterangan": "", "Upload_date": "2018-11-15T18:16:39.225Z"}}, {"model": "singgasanaseni.karya", "pk": 24, "fields": {"No_Index": "MG_6357", "Judul": "Gadis Bertopeng Dagu", "Perupa": 9, "Jenis": "Lukisan", "Kategori": "Potret dan Sensualitas", "Dimensi": "-", "Material": "Cat Minyak -Kanvas", "Tahun_Pembuatan": null, "Gambar": "karya/_MG_6357.jpg", "Lokasi_Lukisan": 1, "Keterangan": "", "Upload_date": "2018-11-15T18:18:50.119Z"}}, {"model": "singgasanaseni.karya", "pk": 25, "fields": {"No_Index": "MG_5311", "Judul": "Potret Wanita", "Perupa": 9, "Jenis": "Lukisan", "Kategori": "Potret dan Sensualitas", "Dimensi": "-", "Material": "Cat Minyak -Kanvas", "Tahun_Pembuatan": null, "Gambar": "karya/_MG_5311.jpg", "Lokasi_Lukisan": 1, "Keterangan": "", "Upload_date": "2018-11-15T18:20:05.378Z"}}, {"model": "singgasanaseni.karya", "pk": 26, "fields": {"No_Index": "MG_5365", "Judul": "Pemandangan Gunung Merapi", "Perupa": 9, "Jenis": "Lukisan", "Kategori": "Alam dan Benda", "Dimensi": "-", "Material": "Cat Minyak -Kanvas", "Tahun_Pembuatan": null, "Gambar": "karya/_MG_5365.jpg", "Lokasi_Lukisan": 1, "Keterangan": "", "Upload_date": "2018-11-15T18:21:24.962Z"}}, {"model": "singgasanaseni.karya", "pk": 27, "fields": {"No_Index": "MG_0580", "Judul": "Berburu Banteng I", "Perupa": 12, "Jenis": "Lukisan", "Kategori": "Tradisi/Budaya/Mitologi/Keseharian", "Dimensi": "-", "Material": "Cat Minyak -Kanvas", "Tahun_Pembuatan": null, "Gambar": "karya/_MG_0580-copy.jpg", "Lokasi_Lukisan": 2, "Keterangan": "", "Upload_date": "2018-11-15T18:27:43.420Z"}}, {"model": "singgasanaseni.karya", "pk": 28, "fields": {"No_Index": "MG_6129", "Judul": "Harimau Minum", "Perupa": 12, "Jenis": "Lukisan", "Kategori": "Potret dan Sensualitas", "Dimensi": "-", "Material": "Cat Minyak -Kanvas", "Tahun_Pembuatan": null, "Gambar": "karya/_MG_6129.jpg", "Lokasi_Lukisan": 1, "Keterangan": "", "Upload_date": "2018-11-15T18:28:50.566Z"}}, {"model": "singgasanaseni.karya", "pk": 29, "fields": {"No_Index": "MG_0157", "Judul": "Penangkapan Diponegoro", "Perupa": 12, "Jenis": "Lukisan", "Kategori": "Perjuangan dan Potret Para Pejuang", "Dimensi": "-", "Material": "Cat Minyak -Kanvas", "Tahun_Pembuatan": null, "Gambar": "karya/_MG_0157-e1-copy_Raden-Saleh_Penangkapan-Diponegor.jpg", "Lokasi_Lukisan": 4, "Keterangan": "", "Upload_date": "2018-11-15T18:35:06.207Z"}}, {"model": "singgasanaseni.karya", "pk": 30, "fields": {"No_Index": "MG_2863", "Judul": "Seko (Perintis Gerilya)", "Perupa": 13, "Jenis": "Lukisan", "Kategori": "Perjuangan dan Potret Para Pejuang", "Dimensi": "-", "Material": "Cat Minyak -Kanvas", "Tahun_Pembuatan": null, "Gambar": "karya/_MG_2863.jpg", "Lokasi_Lukisan": 3, "Keterangan": "", "Upload_date": "2018-11-15T18:41:15.152Z"}}, {"model": "singgasanaseni.karya", "pk": 31, "fields": {"No_Index": "MG_2877", "Judul": "Kawan-Kawan Revolusi", "Perupa": 13, "Jenis": "Lukisan", "Kategori": "Perjuangan dan Potret Para Pejuang", "Dimensi": "-", "Material": "Cat Minyak -Kanvas", "Tahun_Pembuatan": null, "Gambar": "karya/_MG_2877.jpg", "Lokasi_Lukisan": 3, "Keterangan": "", "Upload_date": "2018-11-15T18:42:12.931Z"}}, {"model": "singgasanaseni.karya", "pk": 32, "fields": {"No_Index": "MG_3293", "Judul": "Di Dalam Kampung", "Perupa": 13, "Jenis": "Lukisan", "Kategori": "Pemandangan Alam dan Kota", "Dimensi": "-", "Material": "Cat Minyak -Kanvas", "Tahun_Pembuatan": null, "Gambar": "karya/_MG_3293.jpg", "Lokasi_Lukisan": 3, "Keterangan": "", "Upload_date": "2018-11-15T18:43:41.036Z"}}, {"model": "singgasanaseni.karya", "pk": 33, "fields": {"No_Index": "MG_3424", "Judul": "Imam Bonjol", "Perupa": 13, "Jenis": "Lukisan", "Kategori": "Perjuangan dan Potret Para Pejuang", "Dimensi": "-", "Material": "Cat Minyak -Kanvas", "Tahun_Pembuatan": null, "Gambar": "karya/_MG_3424.jpg", "Lokasi_Lukisan": 3, "Keterangan": "", "Upload_date": "2018-11-15T18:44:43.907Z"}}, {"model": "singgasanaseni.karya", "pk": 34, "fields": {"No_Index": "MG_6519", "Judul": "Gerilya Mengatur Siasat", "Perupa": 13, "Jenis": "Lukisan", "Kategori": "Perjuangan dan Potret Para Pejuang", "Dimensi": "-", "Material": "Cat Minyak -Kanvas", "Tahun_Pembuatan": null, "Gambar": "karya/_MG_6519.jpg", "Lokasi_Lukisan": 1, "Keterangan": "", "Upload_date": "2018-11-15T18:46:27.232Z"}}, {"model": "singgasanaseni.karya", "pk": 35, "fields": {"No_Index": "MG_6590", "Judul": "Orang Tua Bali", "Perupa": 13, "Jenis": "Lukisan", "Kategori": "Potret dan Sensualitas", "Dimensi": "-", "Material": "Cat Minyak -Kanvas", "Tahun_Pembuatan": null, "Gambar": "karya/_MG_6590.jpg", "Lokasi_Lukisan": 1, "Keterangan": "", "Upload_date": "2018-11-15T18:47:35.807Z"}}, {"model": "singgasanaseni.karya", "pk": 36, "fields": {"No_Index": "MG_5507", "Judul": "Merangkai Bunga", "Perupa": 9, "Jenis": "Lukisan", "Kategori": "Potret dan Sensualitas", "Dimensi": "-", "Material": "Cat Minyak -Kanvas", "Tahun_Pembuatan": null, "Gambar": "karya/_MG_5507.jpg", "Lokasi_Lukisan": 1, "Keterangan": "", "Upload_date": "2018-11-16T06:27:27.257Z"}}, {"model": "singgasanaseni.karya", "pk": 37, "fields": {"No_Index": "MG_5299", "Judul": "Panen", "Perupa": 9, "Jenis": "Lukisan", "Kategori": "Tradisi/Budaya/Mitologi/Keseharian", "Dimensi": "-", "Material": "Cat Minyak -Kanvas", "Tahun_Pembuatan": null, "Gambar": "karya/_MG_5299.jpg", "Lokasi_Lukisan": 1, "Keterangan": "", "Upload_date": "2018-11-16T06:28:52.121Z"}}, {"model": "singgasanaseni.karya", "pk": 38, "fields": {"No_Index": "MG_6925", "Judul": "Wanita Roma", "Perupa": 9, "Jenis": "Lukisan", "Kategori": "Potret dan Sensualitas", "Dimensi": "-", "Material": "Pastel - Kertas", "Tahun_Pembuatan": null, "Gambar": "karya/_MG_6925_1.jpg", "Lokasi_Lukisan": 1, "Keterangan": "", "Upload_date": "2018-11-16T06:30:48.519Z"}}, {"model": "singgasanaseni.karya", "pk": 39, "fields": {"No_Index": "MG_7088", "Judul": "Wanita Spanyol", "Perupa": 9, "Jenis": "Lukisan", "Kategori": "Potret dan Sensualitas", "Dimensi": "-", "Material": "Cat Minyak -Kanvas", "Tahun_Pembuatan": null, "Gambar": "karya/MG_7088.jpg", "Lokasi_Lukisan": 1, "Keterangan": "", "Upload_date": "2018-11-16T11:51:12.264Z"}}, {"model": "singgasanaseni.karya", "pk": 40, "fields": {"No_Index": "MG_6417", "Judul": "Wanita Berpose di Halaman", "Perupa": 9, "Jenis": "Lukisan", "Kategori": "Potret dan Sensualitas", "Dimensi": "-", "Material": "Cat Minyak -Kanvas", "Tahun_Pembuatan": null, "Gambar": "karya/_MG_6417.jpg", "Lokasi_Lukisan": 1, "Keterangan": "", "Upload_date": "2018-11-16T11:52:36.211Z"}}, {"model": "singgasanaseni.karya", "pk": 41, "fields": {"No_Index": "MG_5638", "Judul": "Kawanan Kerbau", "Perupa": 9, "Jenis": "Lukisan", "Kategori": "Alam dan Benda", "Dimensi": "-", "Material": "Cat Minyak -Kanvas", "Tahun_Pembuatan": null, "Gambar": "karya/_MG_5638.jpg", "Lokasi_Lukisan": 1, "Keterangan": "", "Upload_date": "2018-11-16T11:54:00.899Z"}}, {"model": "singgasanaseni.karya", "pk": 42, "fields": {"No_Index": "MG_5591", "Judul": "Pemandangan", "Perupa": 9, "Jenis": "Lukisan", "Kategori": "Pemandangan Alam dan Kota", "Dimensi": "-", "Material": "Cat Minyak -Kanvas", "Tahun_Pembuatan": null, "Gambar": "karya/_MG_5591.jpg", "Lokasi_Lukisan": 1, "Keterangan": "", "Upload_date": "2018-11-16T11:55:34.304Z"}}, {"model": "singgasanaseni.karya", "pk": 43, "fields": {"No_Index": "MG_6917", "Judul": "Gadis Telanjang", "Perupa": 9, "Jenis": "Lukisan", "Kategori": "Potret dan Sensualitas", "Dimensi": "-", "Material": "Pastel - Kertas", "Tahun_Pembuatan": null, "Gambar": "karya/_MG_6917.jpg", "Lokasi_Lukisan": 1, "Keterangan": "", "Upload_date": "2018-11-16T11:56:51.459Z"}}, {"model": "singgasanaseni.karya", "pk": 44, "fields": {"No_Index": "MG_5698", "Judul": "Jika Tuhan Murka", "Perupa": 9, "Jenis": "Lukisan", "Kategori": "Pemandangan Alam dan Kota", "Dimensi": "-", "Material": "Cat Minyak - Kertas", "Tahun_Pembuatan": null, "Gambar": "karya/_MG_5698.jpg", "Lokasi_Lukisan": 1, "Keterangan": "", "Upload_date": "2018-11-16T12:00:07.258Z"}}, {"model": "singgasanaseni.karya", "pk": 45, "fields": {"No_Index": "MG_5721", "Judul": "Sembrodo Larung", "Perupa": 9, "Jenis": "Lukisan", "Kategori": "Tradisi/Budaya/Mitologi/Keseharian", "Dimensi": "-", "Material": "Cat Minyak -Kanvas", "Tahun_Pembuatan": null, "Gambar": "karya/_MG_5721.jpg", "Lokasi_Lukisan": 1, "Keterangan": "", "Upload_date": "2018-11-16T12:02:13.587Z"}}, {"model": "singgasanaseni.karya", "pk": 46, "fields": {"No_Index": "MG_5714", "Judul": "Peperangan Antara Gatutkaca dan Antasena", "Perupa": 9, "Jenis": "Lukisan", "Kategori": "Tradisi/Budaya/Mitologi/Keseharian", "Dimensi": "-", "Material": "Cat Minyak -Kanvas", "Tahun_Pembuatan": null, "Gambar": "karya/_MG_5714.jpg", "Lokasi_Lukisan": 1, "Keterangan": "", "Upload_date": "2018-11-16T12:07:26.479Z"}}, {"model": "singgasanaseni.karya", "pk": 47, "fields": {"No_Index": "MG_5787", "Judul": "Dalam Sinar Bulan", "Perupa": 9, "Jenis": "Lukisan", "Kategori": "Potret dan Sensualitas", "Dimensi": "-", "Material": "Cat Minyak -Kanvas", "Tahun_Pembuatan": null, "Gambar": "karya/_MG_5787.jpg", "Lokasi_Lukisan": 1, "Keterangan": "", "Upload_date": "2018-11-16T12:52:18.569Z"}}, {"model": "singgasanaseni.karya", "pk": 48, "fields": {"No_Index": "MG_4917", "Judul": "Buah-buahan", "Perupa": 7, "Jenis": "Lukisan", "Kategori": "Potret dan Sensualitas", "Dimensi": "-", "Material": "Cat Minyak -Kanvas", "Tahun_Pembuatan": null, "Gambar": "karya/_MG_4917_copy_copy_0096_Buah_buahan_Anonim.jpg", "Lokasi_Lukisan": 2, "Keterangan": "", "Upload_date": "2018-11-16T12:55:56.720Z"}}, {"model": "singgasanaseni.karya", "pk": 49, "fields": {"No_Index": "MG_5122", "Judul": "Tari Barong", "Perupa": 7, "Jenis": "Lukisan", "Kategori": "Tradisi/Budaya/Mitologi/Keseharian", "Dimensi": "-", "Material": "Akrilik - Kanvas", "Tahun_Pembuatan": null, "Gambar": "karya/_MG_5122_copy_copy_3999_Tari_Barong_Anonim.jpg", "Lokasi_Lukisan": 2, "Keterangan": "", "Upload_date": "2018-11-16T12:57:26.304Z"}}, {"model": "singgasanaseni.karya", "pk": 50, "fields": {"No_Index": "MG_5167", "Judul": "Dasamuka Terkepung / Lukisan Bali Kuno", "Perupa": 7, "Jenis": "Lukisan", "Kategori": "Tradisi/Budaya/Mitologi/Keseharian", "Dimensi": "-", "Material": "Cat Air - Kain", "Tahun_Pembuatan": null, "Gambar": "karya/_MG_5167_1_copy_copy_146_Dasamuka_Terkepung_Lukisan_Bali_Kuno.jpg", "Lokasi_Lukisan": 2, "Keterangan": "", "Upload_date": "2018-11-16T13:00:18.085Z"}}, {"model": "singgasanaseni.karya", "pk": 51, "fields": {"No_Index": "MG_5529", "Judul": "Penari Wanita", "Perupa": 7, "Jenis": "Lukisan", "Kategori": "Tradisi/Budaya/Mitologi/Keseharian", "Dimensi": "-", "Material": "Benang - Sulaman", "Tahun_Pembuatan": null, "Gambar": "karya/_MG_5529.jpg", "Lokasi_Lukisan": 1, "Keterangan": "", "Upload_date": "2018-11-16T13:02:38.589Z"}}, {"model": "singgasanaseni.karya", "pk": 52, "fields": {"No_Index": "MG_7008", "Judul": "Seorang Opsir Dengan Dua Orang Wanita", "Perupa": 7, "Jenis": "Lukisan", "Kategori": "Potret dan Sensualitas", "Dimensi": "-", "Material": "Cat Minyak -Kanvas", "Tahun_Pembuatan": null, "Gambar": "karya/MG_7008.jpg", "Lokasi_Lukisan": 1, "Keterangan": "", "Upload_date": "2018-11-16T13:04:16.392Z"}}, {"model": "singgasanaseni.karya", "pk": 53, "fields": {"No_Index": "MG_4237", "Judul": "Mangkatnya Raja Airlangga", "Perupa": 1, "Jenis": "Lukisan", "Kategori": "Tradisi/Budaya/Mitologi/Keseharian", "Dimensi": "-", "Material": "Akrilik - Kanvas", "Tahun_Pembuatan": null, "Gambar": "karya/_MG_4237_copy_copy.jpg", "Lokasi_Lukisan": 2, "Keterangan": "", "Upload_date": "2018-11-16T13:10:08.106Z"}}, {"model": "singgasanaseni.karya", "pk": 55, "fields": {"No_Index": "MG_9942", "Judul": "Joged", "Perupa": 1, "Jenis": "Lukisan", "Kategori": "Tradisi/Budaya/Mitologi/Keseharian", "Dimensi": "-", "Material": "Akrilik - Kanvas", "Tahun_Pembuatan": null, "Gambar": "karya/_MG_9942-copy_AA-Gede-Sobrat_Joged.jpg", "Lokasi_Lukisan": 4, "Keterangan": "", "Upload_date": "2018-11-16T13:13:52.651Z"}}, {"model": "singgasanaseni.karya", "pk": 58, "fields": {"No_Index": "MG_3888", "Judul": "Lima Wanita", "Perupa": 3, "Jenis": "Lukisan", "Kategori": "Potret dan Sensualitas", "Dimensi": "-", "Material": "Cat Minyak - Triplek", "Tahun_Pembuatan": null, "Gambar": "karya/_MG_3888_copy_copy.jpg", "Lokasi_Lukisan": 2, "Keterangan": "", "Upload_date": "2018-11-16T13:24:54.346Z"}}, {"model": "singgasanaseni.karya", "pk": 59, "fields": {"No_Index": "MG_4289", "Judul": "Seorang Gadis Tanpa Busana", "Perupa": 3, "Jenis": "Lukisan", "Kategori": "Potret dan Sensualitas", "Dimensi": "-", "Material": "Cat Minyak -Kanvas", "Tahun_Pembuatan": null, "Gambar": "karya/_MG_4289_copy_copy.jpg", "Lokasi_Lukisan": 2, "Keterangan": "", "Upload_date": "2018-11-16T13:26:29.828Z"}}, {"model": "singgasanaseni.karya", "pk": 60, "fields": {"No_Index": "MG_4595", "Judul": "Wanita Membawa Sajen", "Perupa": 3, "Jenis": "Lukisan", "Kategori": "Tradisi/Budaya/Mitologi/Keseharian", "Dimensi": "-", "Material": "Cat Minyak -Kanvas", "Tahun_Pembuatan": null, "Gambar": "karya/_MG_4595_copy_copy_314_Wanita_Membawa_Sajen_Agus_Djaya.jpg", "Lokasi_Lukisan": 2, "Keterangan": "", "Upload_date": "2018-11-16T13:29:01.700Z"}}, {"model": "singgasanaseni.karya", "pk": 61, "fields": {"No_Index": "MG_6111", "Judul": "Arjuna Wiwaha", "Perupa": 3, "Jenis": "Lukisan", "Kategori": "Tradisi/Budaya/Mitologi/Keseharian", "Dimensi": "-", "Material": "Cat Minyak -Kanvas", "Tahun_Pembuatan": null, "Gambar": "karya/_MG_6111.jpg", "Lokasi_Lukisan": 1, "Keterangan": "", "Upload_date": "2018-11-16T13:31:23.503Z"}}, {"model": "singgasanaseni.karya", "pk": 62, "fields": {"No_Index": "MG_4444", "Judul": "WJ. Sukirni", "Perupa": 5, "Jenis": "Lukisan", "Kategori": "Potret dan Sensualitas", "Dimensi": "-", "Material": "Cat Minyak -Kanvas", "Tahun_Pembuatan": null, "Gambar": "karya/_MG_4444_copy_copy.jpg", "Lokasi_Lukisan": 2, "Keterangan": "", "Upload_date": "2018-11-16T14:49:22.037Z"}}, {"model": "singgasanaseni.karya", "pk": 63, "fields": {"No_Index": "MG_3930", "Judul": "Pertemuan di Pura", "Perupa": 4, "Jenis": "Lukisan", "Kategori": "Tradisi/Budaya/Mitologi/Keseharian", "Dimensi": "-", "Material": "Cat Minyak -Kanvas", "Tahun_Pembuatan": null, "Gambar": "karya/_MG_3930_1_copy_copy.jpg", "Lokasi_Lukisan": 2, "Keterangan": "", "Upload_date": "2018-11-16T14:52:38.701Z"}}, {"model": "singgasanaseni.karya", "pk": 64, "fields": {"No_Index": "MG_6638", "Judul": "Membakti", "Perupa": 4, "Jenis": "Lukisan", "Kategori": "Tradisi/Budaya/Mitologi/Keseharian", "Dimensi": "-", "Material": "Cat Minyak -Kanvas", "Tahun_Pembuatan": null, "Gambar": "karya/_MG_6638.jpg", "Lokasi_Lukisan": 1, "Keterangan": "", "Upload_date": "2018-11-16T14:53:49.272Z"}}, {"model": "singgasanaseni.karya", "pk": 65, "fields": {"No_Index": "MG_4472", "Judul": "Bung Karno Berpidato", "Perupa": 6, "Jenis": "Lukisan", "Kategori": "Potret dan Sensualitas", "Dimensi": "-", "Material": "Cat Minyak -Kanvas", "Tahun_Pembuatan": null, "Gambar": "karya/_MG_4772_copy_copy_029_Bung_Karno_Berpidato_Amri_Yahya.jpg", "Lokasi_Lukisan": 2, "Keterangan": "", "Upload_date": "2018-11-16T14:55:40.926Z"}}, {"model": "singgasanaseni.karya", "pk": 66, "fields": {"No_Index": "MG_4605", "Judul": "Lelaki Bali", "Perupa": 8, "Jenis": "Lukisan", "Kategori": "Potret dan Sensualitas", "Dimensi": "-", "Material": "Cat Minyak -Kanvas", "Tahun_Pembuatan": null, "Gambar": "karya/_MG_4605_copy_copy_227_Lelaki_Bali_Auke_Cornelis_Sonnega.jpg", "Lokasi_Lukisan": 2, "Keterangan": "", "Upload_date": "2018-11-16T14:59:01.901Z"}}, {"model": "singgasanaseni.karya", "pk": 67, "fields": {"No_Index": "MG_5485", "Judul": "Seorang Pemuda Bali", "Perupa": 8, "Jenis": "Lukisan", "Kategori": "Potret dan Sensualitas", "Dimensi": "-", "Material": "Cat Minyak -Kanvas", "Tahun_Pembuatan": null, "Gambar": "karya/_MG_5485.jpg", "Lokasi_Lukisan": 1, "Keterangan": "", "Upload_date": "2018-11-16T15:00:44.544Z"}}, {"model": "singgasanaseni.karya", "pk": 68, "fields": {"No_Index": "MG_5957", "Judul": "Wajah Seorang Gadis Bali", "Perupa": 8, "Jenis": "Lukisan", "Kategori": "Potret dan Sensualitas", "Dimensi": "-", "Material": "Cat Minyak -Kanvas", "Tahun_Pembuatan": null, "Gambar": "karya/_MG_5957.jpg", "Lokasi_Lukisan": 1, "Keterangan": "", "Upload_date": "2018-11-16T15:01:54.025Z"}}, {"model": "singgasanaseni.karya", "pk": 69, "fields": {"No_Index": "MG_5941", "Judul": "Wanita Telanjang Dada", "Perupa": 8, "Jenis": "Lukisan", "Kategori": "Potret dan Sensualitas", "Dimensi": "-", "Material": "Cat Minyak -Kanvas", "Tahun_Pembuatan": null, "Gambar": "karya/_MG_5941.jpg", "Lokasi_Lukisan": 1, "Keterangan": "", "Upload_date": "2018-11-16T15:04:44.297Z"}}, {"model": "singgasanaseni.karya", "pk": 70, "fields": {"No_Index": "MG_0523", "Judul": "Lelaki Bali", "Perupa": 8, "Jenis": "Lukisan", "Kategori": "Potret dan Sensualitas", "Dimensi": "-", "Material": "Cat Minyak -Kanvas", "Tahun_Pembuatan": null, "Gambar": "karya/_MG_0523-copy.jpg", "Lokasi_Lukisan": 2, "Keterangan": "", "Upload_date": "2018-11-16T15:07:22.228Z"}}, {"model": "singgasanaseni.karya", "pk": 71, "fields": {"No_Index": "MG_1037", "Judul": "Seorang Sardjana Belanda Tua (Menatap Bola Dunia)", "Perupa": 12, "Jenis": "Lukisan", "Kategori": "Potret dan Sensualitas", "Dimensi": "-", "Material": "Cat Minyak -Kanvas", "Tahun_Pembuatan": null, "Gambar": "karya/_MG_1037-copy_Bola-Dunia_Raden-Saleh.jpg", "Lokasi_Lukisan": 4, "Keterangan": "", "Upload_date": "2018-11-18T15:51:21.272Z"}}, {"model": "singgasanaseni.karya", "pk": 72, "fields": {"No_Index": "MG_5596", "Judul": "Mengaso Sebentar", "Perupa": 14, "Jenis": "Lukisan", "Kategori": "Potret dan Sensualitas", "Dimensi": "-", "Material": "Cat Minyak -Kanvas", "Tahun_Pembuatan": null, "Gambar": "karya/_MG_5596.jpg", "Lokasi_Lukisan": 1, "Keterangan": "", "Upload_date": "2018-11-18T15:58:51.926Z"}}, {"model": "singgasanaseni.karya", "pk": 73, "fields": {"No_Index": "MG_7027", "Judul": "Abstrak", "Perupa": 14, "Jenis": "Lukisan", "Kategori": "Potret dan Sensualitas", "Dimensi": "-", "Material": "Cat Minyak -Kanvas", "Tahun_Pembuatan": null, "Gambar": "karya/MG_7027.jpg", "Lokasi_Lukisan": 1, "Keterangan": "", "Upload_date": "2018-11-18T16:01:06.123Z"}}, {"model": "singgasanaseni.karya", "pk": 74, "fields": {"No_Index": "MG_6581", "Judul": "Istirahat", "Perupa": 14, "Jenis": "Lukisan", "Kategori": "Potret dan Sensualitas", "Dimensi": "-", "Material": "Cat Minyak -Kanvas", "Tahun_Pembuatan": null, "Gambar": "karya/_MG_6581.jpg", "Lokasi_Lukisan": 1, "Keterangan": "", "Upload_date": "2018-11-18T16:02:32.124Z"}}, {"model": "singgasanaseni.karya", "pk": 75, "fields": {"No_Index": "MG_7043", "Judul": "Hilir Mudik / Perahu", "Perupa": 14, "Jenis": "Lukisan", "Kategori": "Potret dan Sensualitas", "Dimensi": "-", "Material": "Cat Minyak -Kanvas", "Tahun_Pembuatan": null, "Gambar": "karya/MG_7043_bTWnN8V.jpg", "Lokasi_Lukisan": 1, "Keterangan": "", "Upload_date": "2018-11-18T16:03:58.576Z"}}, {"model": "singgasanaseni.karya", "pk": 76, "fields": {"No_Index": "MG_0959", "Judul": "Penjual Buah", "Perupa": 14, "Jenis": "Lukisan", "Kategori": "Potret dan Sensualitas", "Dimensi": "-", "Material": "Cat Minyak -Kanvas", "Tahun_Pembuatan": null, "Gambar": "karya/_MG_0959-copy.jpg", "Lokasi_Lukisan": 4, "Keterangan": "", "Upload_date": "2018-11-18T16:07:11.017Z"}}, {"model": "singgasanaseni.karya", "pk": 77, "fields": {"No_Index": "MG_4190", "Judul": "Pintu Gerbang Suatu Kampung di Bali / Rumah Petani", "Perupa": 15, "Jenis": "Lukisan", "Kategori": "Pemandangan Alam dan Kota", "Dimensi": "-", "Material": "Cat Minyak -Kanvas", "Tahun_Pembuatan": null, "Gambar": "karya/_MG_4190_copy_copy.jpg", "Lokasi_Lukisan": 2, "Keterangan": "", "Upload_date": "2018-11-20T06:40:44.214Z"}}, {"model": "singgasanaseni.karya", "pk": 78, "fields": {"No_Index": "MG_4585", "Judul": "Pemandangan", "Perupa": 15, "Jenis": "Lukisan", "Kategori": "Pemandangan Alam dan Kota", "Dimensi": "-", "Material": "Cat Minyak -Kanvas", "Tahun_Pembuatan": null, "Gambar": "karya/_MG_4585_copy_copy_258_Pemandangan_Dullah.jpg", "Lokasi_Lukisan": 2, "Keterangan": "", "Upload_date": "2018-11-20T06:42:38.500Z"}}, {"model": "singgasanaseni.karya", "pk": 79, "fields": {"No_Index": "MG_2855", "Judul": "Persiapan Gerilya", "Perupa": 15, "Jenis": "Lukisan", "Kategori": "Perjuangan dan Potret Para Pejuang", "Dimensi": "-", "Material": "Cat Minyak -Kanvas", "Tahun_Pembuatan": null, "Gambar": "karya/_MG_2855.jpg", "Lokasi_Lukisan": 3, "Keterangan": "", "Upload_date": "2018-11-20T06:44:48.848Z"}}, {"model": "singgasanaseni.karya", "pk": 80, "fields": {"No_Index": "MG_2937", "Judul": "Jalan Diperkampungan Bali", "Perupa": 15, "Jenis": "Lukisan", "Kategori": "Pemandangan Alam dan Kota", "Dimensi": "-", "Material": "Cat Minyak -Kanvas", "Tahun_Pembuatan": null, "Gambar": "karya/_MG_2937.jpg", "Lokasi_Lukisan": 3, "Keterangan": "", "Upload_date": "2018-11-20T06:45:38.324Z"}}, {"model": "singgasanaseni.karya", "pk": 81, "fields": {"No_Index": "MG_2954", "Judul": "Wanita Berbaju Lorek", "Perupa": 15, "Jenis": "Lukisan", "Kategori": "Potret dan Sensualitas", "Dimensi": "-", "Material": "Cat Minyak -Kanvas", "Tahun_Pembuatan": null, "Gambar": "karya/_MG_2954.jpg", "Lokasi_Lukisan": 3, "Keterangan": "", "Upload_date": "2018-11-20T06:46:35.542Z"}}, {"model": "singgasanaseni.karya", "pk": 82, "fields": {"No_Index": "MG_3142", "Judul": "Pemandangan di Kintamani", "Perupa": 15, "Jenis": "Lukisan", "Kategori": "Pemandangan Alam dan Kota", "Dimensi": "-", "Material": "Cat Minyak -Kanvas", "Tahun_Pembuatan": null, "Gambar": "karya/_MG_3142.jpg", "Lokasi_Lukisan": 3, "Keterangan": "", "Upload_date": "2018-11-20T06:48:48.162Z"}}, {"model": "singgasanaseni.karya", "pk": 83, "fields": {"No_Index": "MG_3284", "Judul": "Praktek Tentara Pendudukan Asing", "Perupa": 15, "Jenis": "Lukisan", "Kategori": "Perjuangan dan Potret Para Pejuang", "Dimensi": "-", "Material": "Cat Minyak -Kanvas", "Tahun_Pembuatan": null, "Gambar": "karya/_MG_3284.jpg", "Lokasi_Lukisan": 3, "Keterangan": "", "Upload_date": "2018-11-20T06:50:41.096Z"}}, {"model": "singgasanaseni.karya", "pk": 84, "fields": {"No_Index": "MG_3302", "Judul": "Presiden Soekarno", "Perupa": 15, "Jenis": "Lukisan", "Kategori": "Potret dan Sensualitas", "Dimensi": "-", "Material": "Cat Minyak -Kanvas", "Tahun_Pembuatan": null, "Gambar": "karya/_MG_3302.jpg", "Lokasi_Lukisan": 3, "Keterangan": "", "Upload_date": "2018-11-20T06:51:41.121Z"}}, {"model": "singgasanaseni.karya", "pk": 85, "fields": {"No_Index": "MG_3350", "Judul": "DR.Sutomo", "Perupa": 15, "Jenis": "Lukisan", "Kategori": "Potret dan Sensualitas", "Dimensi": "-", "Material": "Cat Minyak -Kanvas", "Tahun_Pembuatan": null, "Gambar": "karya/_MG_3350.jpg", "Lokasi_Lukisan": 3, "Keterangan": "", "Upload_date": "2018-11-20T06:53:42.917Z"}}, {"model": "singgasanaseni.karya", "pk": 86, "fields": {"No_Index": "MG_3394", "Judul": "Perahu / Pantai Pasir Putih", "Perupa": 15, "Jenis": "Lukisan", "Kategori": "Pemandangan Alam dan Kota", "Dimensi": "-", "Material": "Cat Minyak -Kanvas", "Tahun_Pembuatan": null, "Gambar": "karya/_MG_3394.jpg", "Lokasi_Lukisan": 3, "Keterangan": "", "Upload_date": "2018-11-20T06:56:19.624Z"}}, {"model": "singgasanaseni.karya", "pk": 87, "fields": {"No_Index": "MG_5619", "Judul": "Wanita Duduk Berkebaya", "Perupa": 15, "Jenis": "Lukisan", "Kategori": "Potret dan Sensualitas", "Dimensi": "-", "Material": "Cat Minyak -Kanvas", "Tahun_Pembuatan": null, "Gambar": "karya/_MG_5619.jpg", "Lokasi_Lukisan": 1, "Keterangan": "", "Upload_date": "2018-11-20T06:59:35.228Z"}}, {"model": "singgasanaseni.karya", "pk": 88, "fields": {"No_Index": "MG_5289", "Judul": "Vas Bunga Teratai", "Perupa": 15, "Jenis": "Lukisan", "Kategori": "Alam dan Benda", "Dimensi": "-", "Material": "Cat Minyak-HardBoard", "Tahun_Pembuatan": null, "Gambar": "karya/_MG_5289.jpg", "Lokasi_Lukisan": 1, "Keterangan": "", "Upload_date": "2018-11-20T07:04:22.789Z"}}, {"model": "singgasanaseni.karya", "pk": 89, "fields": {"No_Index": "MG_5253", "Judul": "Bunga Chrysantheum", "Perupa": 15, "Jenis": "Lukisan", "Kategori": "Alam dan Benda", "Dimensi": "-", "Material": "Cat Minyak-HardBoard", "Tahun_Pembuatan": null, "Gambar": "karya/_MG_5253_1.jpg", "Lokasi_Lukisan": 1, "Keterangan": "", "Upload_date": "2018-11-20T07:06:21.493Z"}}, {"model": "singgasanaseni.karya", "pk": 90, "fields": {"No_Index": "MG_5663", "Judul": "Pohon - Pohon", "Perupa": 15, "Jenis": "Lukisan", "Kategori": "Pemandangan Alam dan Kota", "Dimensi": "-", "Material": "Cat Minyak -Kanvas", "Tahun_Pembuatan": null, "Gambar": "karya/_MG_5663.jpg", "Lokasi_Lukisan": 1, "Keterangan": "", "Upload_date": "2018-11-20T07:07:39.785Z"}}, {"model": "singgasanaseni.karya", "pk": 91, "fields": {"No_Index": "MG_6411", "Judul": "Wanita Duduk di Kursi", "Perupa": 15, "Jenis": "Lukisan", "Kategori": "Potret dan Sensualitas", "Dimensi": "-", "Material": "Cat Minyak -Kanvas", "Tahun_Pembuatan": null, "Gambar": "karya/_MG_6411.jpg", "Lokasi_Lukisan": 1, "Keterangan": "", "Upload_date": "2018-11-20T07:08:44.074Z"}}, {"model": "singgasanaseni.karya", "pk": 92, "fields": {"No_Index": "MG_6732", "Judul": "Pemandangan di Daerah Gunung kidul", "Perupa": 15, "Jenis": "Lukisan", "Kategori": "Pemandangan Alam dan Kota", "Dimensi": "-", "Material": "Cat Minyak -Kanvas", "Tahun_Pembuatan": null, "Gambar": "karya/_MG_6732.jpg", "Lokasi_Lukisan": 1, "Keterangan": "", "Upload_date": "2018-11-20T07:10:21.096Z"}}, {"model": "singgasanaseni.karya", "pk": 93, "fields": {"No_Index": "MG_5277", "Judul": "Bunga Gladiola", "Perupa": 15, "Jenis": "Lukisan", "Kategori": "Alam dan Benda", "Dimensi": "-", "Material": "Cat Minyak -Kanvas", "Tahun_Pembuatan": null, "Gambar": "karya/_MG_5277.jpg", "Lokasi_Lukisan": 1, "Keterangan": "", "Upload_date": "2018-11-20T07:11:03.001Z"}}, {"model": "singgasanaseni.karya", "pk": 94, "fields": {"No_Index": "MG_7118", "Judul": "Wanita Telanjang dan Kipas Bali", "Perupa": 15, "Jenis": "Lukisan", "Kategori": "Potret dan Sensualitas", "Dimensi": "-", "Material": "Cat Minyak -Kanvas", "Tahun_Pembuatan": null, "Gambar": "karya/MG_7118.jpg", "Lokasi_Lukisan": 1, "Keterangan": "", "Upload_date": "2018-11-20T07:12:07.375Z"}}, {"model": "singgasanaseni.karya", "pk": 95, "fields": {"No_Index": "MG_6312", "Judul": "Ni Made Darmi Penari Bali", "Perupa": 15, "Jenis": "Lukisan", "Kategori": "Potret dan Sensualitas", "Dimensi": "-", "Material": "Cat Minyak -Kanvas", "Tahun_Pembuatan": null, "Gambar": "karya/_MG_6312.jpg", "Lokasi_Lukisan": 1, "Keterangan": "", "Upload_date": "2018-11-20T07:15:05.933Z"}}, {"model": "singgasanaseni.karya", "pk": 96, "fields": {"No_Index": "MG_9339", "Judul": "Rangkaian Bunga / Sekumpulan Bunga", "Perupa": 15, "Jenis": "Lukisan", "Kategori": "Alam dan Benda", "Dimensi": "-", "Material": "Cat Minyak -Kanvas", "Tahun_Pembuatan": null, "Gambar": "karya/_MG_9339-copy_Dullah_Sekumpulan-Bunga.jpg", "Lokasi_Lukisan": 4, "Keterangan": "", "Upload_date": "2018-11-20T07:16:33.347Z"}}, {"model": "singgasanaseni.karya", "pk": 97, "fields": {"No_Index": "MG_9425", "Judul": "Pemandangan Gunung dan Sawah", "Perupa": 15, "Jenis": "Lukisan", "Kategori": "Pemandangan Alam dan Kota", "Dimensi": "-", "Material": "Cat Minyak -Kanvas", "Tahun_Pembuatan": null, "Gambar": "karya/_MG_9425-copy_Dullah_Pemandangan-Gunung-dan-Sawah.jpg", "Lokasi_Lukisan": 4, "Keterangan": "", "Upload_date": "2018-11-20T07:17:41.875Z"}}, {"model": "singgasanaseni.karya", "pk": 98, "fields": {"No_Index": "MG_9690", "Judul": "Kebun Istana Presiden Soekarno Sewaktu di Yogya", "Perupa": 15, "Jenis": "Lukisan", "Kategori": "Pemandangan Alam dan Kota", "Dimensi": "-", "Material": "Cat Minyak -Kanvas", "Tahun_Pembuatan": null, "Gambar": "karya/_MG_9690-copy_Dullah_Kebun-Istana-Presiden-Sukarno-Sewaktu-di-Jogja.jpg", "Lokasi_Lukisan": 4, "Keterangan": "", "Upload_date": "2018-11-20T07:19:18.457Z"}}, {"model": "singgasanaseni.karya", "pk": 99, "fields": {"No_Index": "MG_9707", "Judul": "Halimah Gadis Aceh", "Perupa": 15, "Jenis": "Lukisan", "Kategori": "Potret dan Sensualitas", "Dimensi": "-", "Material": "Cat Minyak -Kanvas", "Tahun_Pembuatan": null, "Gambar": "karya/_MG_9707-copy_Dullah_Halimah-Gadis-Aceh.jpg", "Lokasi_Lukisan": 4, "Keterangan": "", "Upload_date": "2018-11-20T07:20:10.097Z"}}, {"model": "singgasanaseni.karya", "pk": 100, "fields": {"No_Index": "MG_0118", "Judul": "Teuku Cik Ditiro", "Perupa": 15, "Jenis": "Lukisan", "Kategori": "Potret dan Sensualitas", "Dimensi": "-", "Material": "Cat Minyak -Kanvas", "Tahun_Pembuatan": null, "Gambar": "karya/_MG_0118-copy_Dullah_Teuku-Cik-Ditiro.jpg", "Lokasi_Lukisan": 4, "Keterangan": "", "Upload_date": "2018-11-20T07:20:57.213Z"}}, {"model": "singgasanaseni.karya", "pk": 101, "fields": {"No_Index": "MG_0247", "Judul": "Station Kereta Api", "Perupa": 15, "Jenis": "Lukisan", "Kategori": "Alam dan Benda", "Dimensi": "-", "Material": "Cat Minyak -Kanvas", "Tahun_Pembuatan": null, "Gambar": "karya/_MG_0247-copy.jpg", "Lokasi_Lukisan": 4, "Keterangan": "", "Upload_date": "2018-11-20T07:22:17.188Z"}}, {"model": "singgasanaseni.karya", "pk": 102, "fields": {"No_Index": "MG_0442", "Judul": "Menanam Padi", "Perupa": 15, "Jenis": "Lukisan", "Kategori": "Tradisi/Budaya/Mitologi/Keseharian", "Dimensi": "-", "Material": "Cat Minyak -Kanvas", "Tahun_Pembuatan": null, "Gambar": "karya/_MG_0442-copy.jpg", "Lokasi_Lukisan": 4, "Keterangan": "", "Upload_date": "2018-11-20T07:23:44.743Z"}}, {"model": "singgasanaseni.karya", "pk": 103, "fields": {"No_Index": "MG_6557", "Judul": "Siti Faridah", "Perupa": 15, "Jenis": "Lukisan", "Kategori": "Potret dan Sensualitas", "Dimensi": "-", "Material": "Cat Minyak -Kanvas", "Tahun_Pembuatan": null, "Gambar": "karya/_MG_6557.jpg", "Lokasi_Lukisan": 1, "Keterangan": "", "Upload_date": "2018-11-20T07:24:40.282Z"}}, {"model": "singgasanaseni.karya", "pk": 104, "fields": {"No_Index": "MG_4017", "Judul": "Wanita Duduk Telanjang Dada", "Perupa": 16, "Jenis": "Lukisan", "Kategori": "Potret dan Sensualitas", "Dimensi": "-", "Material": "C.Minyak-Hardboard", "Tahun_Pembuatan": null, "Gambar": "karya/_MG_4017_MG_6510_copy_copy.jpg", "Lokasi_Lukisan": 2, "Keterangan": "", "Upload_date": "2018-11-20T07:33:27.028Z"}}, {"model": "singgasanaseni.karya", "pk": 105, "fields": {"No_Index": "MG_4028", "Judul": "Wanita Duduk Tangan Dipangku", "Perupa": 16, "Jenis": "Lukisan", "Kategori": "Potret dan Sensualitas", "Dimensi": "-", "Material": "C.Minyak-Hardboard", "Tahun_Pembuatan": null, "Gambar": "karya/_MG_4028_MG_6506_copy_copy.jpg", "Lokasi_Lukisan": 2, "Keterangan": "", "Upload_date": "2018-11-20T07:34:37.318Z"}}, {"model": "singgasanaseni.karya", "pk": 106, "fields": {"No_Index": "MG_4158", "Judul": "Wanita Bali Pegang Sesaji", "Perupa": 16, "Jenis": "Lukisan", "Kategori": "Tradisi/Budaya/Mitologi/Keseharian", "Dimensi": "-", "Material": "C.Minyak-Hardboard", "Tahun_Pembuatan": null, "Gambar": "karya/_MG_4158_copy_copy.jpg", "Lokasi_Lukisan": 2, "Keterangan": "", "Upload_date": "2018-11-20T07:36:14.131Z"}}, {"model": "singgasanaseni.karya", "pk": 107, "fields": {"No_Index": "MG_4262", "Judul": "Wanita Pegang Sesaji", "Perupa": 16, "Jenis": "Lukisan", "Kategori": "Potret dan Sensualitas", "Dimensi": "-", "Material": "Cat Minyak -Kanvas", "Tahun_Pembuatan": null, "Gambar": "karya/_MG_4262_copy_copy.jpg", "Lokasi_Lukisan": 2, "Keterangan": "", "Upload_date": "2018-11-20T07:37:30.983Z"}}, {"model": "singgasanaseni.karya", "pk": 109, "fields": {"No_Index": "MG_4323", "Judul": "Penari Legong", "Perupa": 16, "Jenis": "Lukisan", "Kategori": "Potret dan Sensualitas", "Dimensi": "-", "Material": "Pastel - Kertas", "Tahun_Pembuatan": null, "Gambar": "karya/_MG_4323_copy_copy_UjMnYyR.jpg", "Lokasi_Lukisan": 2, "Keterangan": "", "Upload_date": "2018-11-20T08:08:45.938Z"}}, {"model": "singgasanaseni.karya", "pk": 110, "fields": {"No_Index": "MG_3013", "Judul": "Bersimpuh", "Perupa": 16, "Jenis": "Lukisan", "Kategori": "Potret dan Sensualitas", "Dimensi": "-", "Material": "Krayon-Kertas", "Tahun_Pembuatan": null, "Gambar": "karya/_MG_3013.jpg", "Lokasi_Lukisan": 3, "Keterangan": "", "Upload_date": "2018-11-20T08:11:35.444Z"}}, {"model": "singgasanaseni.karya", "pk": 111, "fields": {"No_Index": "MG_5320", "Judul": "Taman Pei-Hai", "Perupa": 16, "Jenis": "Lukisan", "Kategori": "Pemandangan Alam dan Kota", "Dimensi": "-", "Material": "C.Minyak-Hardboard", "Tahun_Pembuatan": null, "Gambar": "karya/_MG_5320.jpg", "Lokasi_Lukisan": 1, "Keterangan": "", "Upload_date": "2018-11-20T10:39:45.792Z"}}, {"model": "singgasanaseni.karya", "pk": 112, "fields": {"No_Index": "MG_5441", "Judul": "Sepasang Ikan Mas Hitam", "Perupa": 16, "Jenis": "Lukisan", "Kategori": "Potret dan Sensualitas", "Dimensi": "-", "Material": "C.Minyak-Hardboard", "Tahun_Pembuatan": null, "Gambar": "karya/_MG_5441.jpg", "Lokasi_Lukisan": 1, "Keterangan": "", "Upload_date": "2018-11-20T10:43:53.627Z"}}, {"model": "singgasanaseni.karya", "pk": 113, "fields": {"No_Index": "MG_5451", "Judul": "Dua Ikan Mas Hitam", "Perupa": 16, "Jenis": "Lukisan", "Kategori": "Potret dan Sensualitas", "Dimensi": "-", "Material": "C.Minyak-Hardboard", "Tahun_Pembuatan": null, "Gambar": "karya/_MG_5451.jpg", "Lokasi_Lukisan": 1, "Keterangan": "", "Upload_date": "2018-11-20T10:44:52.458Z"}}, {"model": "singgasanaseni.karya", "pk": 114, "fields": {"No_Index": "MG_5742", "Judul": "Sketsa Wanita Duduk Bersimpuh", "Perupa": 16, "Jenis": "Lukisan", "Kategori": "Potret dan Sensualitas", "Dimensi": "-", "Material": "cat air - kertas", "Tahun_Pembuatan": null, "Gambar": "karya/_MG_5742.jpg", "Lokasi_Lukisan": 1, "Keterangan": "", "Upload_date": "2018-11-20T10:46:23.786Z"}}, {"model": "singgasanaseni.karya", "pk": 115, "fields": {"No_Index": "MG_5757", "Judul": "Wanita Main Jari", "Perupa": 16, "Jenis": "Lukisan", "Kategori": "Potret dan Sensualitas", "Dimensi": "-", "Material": "cat air - kertas", "Tahun_Pembuatan": null, "Gambar": "karya/_MG_5757.jpg", "Lokasi_Lukisan": 1, "Keterangan": "", "Upload_date": "2018-11-20T10:47:29.339Z"}}, {"model": "singgasanaseni.karya", "pk": 116, "fields": {"No_Index": "MG_6277", "Judul": "Wanita Bali Menenun", "Perupa": 16, "Jenis": "Lukisan", "Kategori": "Potret dan Sensualitas", "Dimensi": "-", "Material": "cat air - kertas", "Tahun_Pembuatan": null, "Gambar": "karya/_MG_6277.jpg", "Lokasi_Lukisan": 1, "Keterangan": "", "Upload_date": "2018-11-20T10:48:33.572Z"}}, {"model": "singgasanaseni.karya", "pk": 117, "fields": {"No_Index": "MG_5497", "Judul": "Wanita Pegang Kipas", "Perupa": 16, "Jenis": "Lukisan", "Kategori": "Potret dan Sensualitas", "Dimensi": "-", "Material": "C.Minyak-Hardboard", "Tahun_Pembuatan": null, "Gambar": "karya/_MG_5497.jpg", "Lokasi_Lukisan": 1, "Keterangan": "", "Upload_date": "2018-11-20T10:49:33.792Z"}}, {"model": "singgasanaseni.karya", "pk": 118, "fields": {"No_Index": "MG_9298", "Judul": "Bunga Mawar Putih", "Perupa": 16, "Jenis": "Lukisan", "Kategori": "Alam dan Benda", "Dimensi": "-", "Material": "Cat Minyak -Kanvas", "Tahun_Pembuatan": null, "Gambar": "karya/_MG_9298-copy_Lee-Man-Fong_Bunga-Mawar-Putih.jpg", "Lokasi_Lukisan": 4, "Keterangan": "", "Upload_date": "2018-11-20T10:51:02.657Z"}}, {"model": "singgasanaseni.karya", "pk": 119, "fields": {"No_Index": "MG_9378", "Judul": "Bung Karno Dengan Lambang Negara", "Perupa": 16, "Jenis": "Lukisan", "Kategori": "Potret dan Sensualitas", "Dimensi": "-", "Material": "Cat Minyak -Kanvas", "Tahun_Pembuatan": null, "Gambar": "karya/_MG_9378-copy_Lee-Man-Fong_Bung-Karno-dengan-Lambang-negara.jpg", "Lokasi_Lukisan": 4, "Keterangan": "", "Upload_date": "2018-11-20T10:52:01.507Z"}}, {"model": "singgasanaseni.karya", "pk": 120, "fields": {"No_Index": "MG_0004", "Judul": "Ada Bunga Sepatu Ditelinganya", "Perupa": 16, "Jenis": "Lukisan", "Kategori": "Potret dan Sensualitas", "Dimensi": "-", "Material": "Pastel - Kertas", "Tahun_Pembuatan": null, "Gambar": "karya/_MG_0004-copy_Lee-Man-Fong_Ada-Bunga-Sepatu-di-Telinganya.jpg", "Lokasi_Lukisan": 4, "Keterangan": "", "Upload_date": "2018-11-20T10:53:20.329Z"}}, {"model": "singgasanaseni.karya", "pk": 121, "fields": {"No_Index": "MG_9418", "Judul": "Wanita Jepang", "Perupa": 16, "Jenis": "Lukisan", "Kategori": "Potret dan Sensualitas", "Dimensi": "-", "Material": "Pastel - Kertas", "Tahun_Pembuatan": null, "Gambar": "karya/_MG_9418-copy_Lee-Man-Fong_Wanita-Jepang.jpg", "Lokasi_Lukisan": 4, "Keterangan": "", "Upload_date": "2018-11-20T10:54:33.874Z"}}, {"model": "singgasanaseni.karya", "pk": 122, "fields": {"No_Index": "MG_0272", "Judul": "Sepesang Ayam Putih", "Perupa": 16, "Jenis": "Lukisan", "Kategori": "Potret dan Sensualitas", "Dimensi": "-", "Material": "C.Minyak-Hardboard", "Tahun_Pembuatan": null, "Gambar": "karya/_MG_0272-copy.jpg", "Lokasi_Lukisan": 4, "Keterangan": "", "Upload_date": "2018-11-20T10:55:45.768Z"}}, {"model": "singgasanaseni.karya", "pk": 123, "fields": {"No_Index": "MG_0459", "Judul": "Membakar Sate / Penjual Sate", "Perupa": 16, "Jenis": "Lukisan", "Kategori": "Potret dan Sensualitas", "Dimensi": "-", "Material": "C.Minyak-Hardboard", "Tahun_Pembuatan": null, "Gambar": "karya/_MG_0459-copy.jpg", "Lokasi_Lukisan": 4, "Keterangan": "", "Upload_date": "2018-11-20T10:57:12.966Z"}}, {"model": "singgasanaseni.karya", "pk": 124, "fields": {"No_Index": "MG_0943", "Judul": "Potret Bapak Presiden Soekarno / Ayahanda", "Perupa": 16, "Jenis": "Lukisan", "Kategori": "Potret dan Sensualitas", "Dimensi": "-", "Material": "Cat Minyak -Kanvas", "Tahun_Pembuatan": null, "Gambar": "karya/_MG_0943-copy.jpg", "Lokasi_Lukisan": 4, "Keterangan": "", "Upload_date": "2018-11-20T11:00:19.452Z"}}, {"model": "singgasanaseni.karya", "pk": 125, "fields": {"No_Index": "MG_0910", "Judul": "Potret Megawati Soekarnoputri", "Perupa": 16, "Jenis": "Lukisan", "Kategori": "Potret dan Sensualitas", "Dimensi": "-", "Material": "Cat Minyak -Kanvas", "Tahun_Pembuatan": null, "Gambar": "karya/_MG_0910-copy.jpg", "Lokasi_Lukisan": 4, "Keterangan": "", "Upload_date": "2018-11-20T11:01:17.605Z"}}, {"model": "singgasanaseni.karya", "pk": 126, "fields": {"No_Index": "MG_7180", "Judul": "Wanita Memegang Suling", "Perupa": 3, "Jenis": "Lukisan", "Kategori": "Potret dan Sensualitas", "Dimensi": "-", "Material": "Cat Minyak -Kanvas", "Tahun_Pembuatan": null, "Gambar": "karya/MG_7180.jpg", "Lokasi_Lukisan": 1, "Keterangan": "", "Upload_date": "2018-11-20T11:13:25.161Z"}}, {"model": "singgasanaseni.karya", "pk": 127, "fields": {"No_Index": "MG_7242", "Judul": "Godaan Pada Waktu Bertapa", "Perupa": 3, "Jenis": "Lukisan", "Kategori": "Potret dan Sensualitas", "Dimensi": "-", "Material": "Cat Minyak -Kanvas", "Tahun_Pembuatan": null, "Gambar": "karya/MG_7242.jpg", "Lokasi_Lukisan": 1, "Keterangan": "", "Upload_date": "2018-11-20T11:14:44.717Z"}}, {"model": "singgasanaseni.karya", "pk": 128, "fields": {"No_Index": "MG_9315", "Judul": "Gadis Remaja", "Perupa": 3, "Jenis": "Lukisan", "Kategori": "Potret dan Sensualitas", "Dimensi": "-", "Material": "Cat Minyak -Kanvas", "Tahun_Pembuatan": null, "Gambar": "karya/_MG_9315-copy_Agus-Djaya_Gadis-Remaja.jpg", "Lokasi_Lukisan": 4, "Keterangan": "", "Upload_date": "2018-11-20T11:15:48.264Z"}}, {"model": "singgasanaseni.karya", "pk": 129, "fields": {"No_Index": "MG_0992", "Judul": "Penari Wanita", "Perupa": 3, "Jenis": "Lukisan", "Kategori": "Potret dan Sensualitas", "Dimensi": "-", "Material": "Cat Minyak -Kanvas", "Tahun_Pembuatan": null, "Gambar": "karya/_MG_0992-copy_Penari-Wanita_Agus-Djaya.jpg", "Lokasi_Lukisan": 4, "Keterangan": "", "Upload_date": "2018-11-20T11:17:16.508Z"}}, {"model": "singgasanaseni.karya", "pk": 130, "fields": {"No_Index": "MG_6688", "Judul": "Ikan mas Koki", "Perupa": 7, "Jenis": "Lukisan", "Kategori": "Potret dan Sensualitas", "Dimensi": "-", "Material": "cat air - kertas", "Tahun_Pembuatan": null, "Gambar": "karya/_MG_6688.jpg", "Lokasi_Lukisan": 1, "Keterangan": "", "Upload_date": "2018-11-20T11:24:26.064Z"}}, {"model": "singgasanaseni.karya", "pk": 131, "fields": {"No_Index": "MG_6252", "Judul": "Teluk", "Perupa": 7, "Jenis": "Lukisan", "Kategori": "Pemandangan Alam dan Kota", "Dimensi": "-", "Material": "Cat Minyak -Kanvas", "Tahun_Pembuatan": null, "Gambar": "karya/_MG_6252.jpg", "Lokasi_Lukisan": 1, "Keterangan": "", "Upload_date": "2018-11-20T11:27:57.876Z"}}, {"model": "singgasanaseni.karya", "pk": 132, "fields": {"No_Index": "MG_6627", "Judul": "Wanita Berkebaya Tersenyum", "Perupa": 7, "Jenis": "Lukisan", "Kategori": "Potret dan Sensualitas", "Dimensi": "-", "Material": "Cat Minyak -Kanvas", "Tahun_Pembuatan": null, "Gambar": "karya/_MG_6627.jpg", "Lokasi_Lukisan": 1, "Keterangan": "", "Upload_date": "2018-11-20T11:28:59.022Z"}}, {"model": "singgasanaseni.karya", "pk": 133, "fields": {"No_Index": "MG_6659", "Judul": "Bung Karno", "Perupa": 7, "Jenis": "Lukisan", "Kategori": "Potret dan Sensualitas", "Dimensi": "-", "Material": "Cat Minyak -Kanvas", "Tahun_Pembuatan": null, "Gambar": "karya/_MG_6659.jpg", "Lokasi_Lukisan": 1, "Keterangan": "", "Upload_date": "2018-11-20T11:30:11.153Z"}}, {"model": "singgasanaseni.karya", "pk": 134, "fields": {"No_Index": "MG_5682", "Judul": "Musim Semi di Jepang", "Perupa": 7, "Jenis": "Lukisan", "Kategori": "Pemandangan Alam dan Kota", "Dimensi": "-", "Material": "Cat Minyak -Kanvas", "Tahun_Pembuatan": null, "Gambar": "karya/_MG_5682.jpg", "Lokasi_Lukisan": 1, "Keterangan": "", "Upload_date": "2018-11-20T11:32:47.661Z"}}, {"model": "singgasanaseni.karya", "pk": 135, "fields": {"No_Index": "MG_0969", "Judul": "Anggrek Putih", "Perupa": 7, "Jenis": "Lukisan", "Kategori": "Potret dan Sensualitas", "Dimensi": "-", "Material": "Cat Minyak -Kanvas", "Tahun_Pembuatan": null, "Gambar": "karya/_MG_0969-copy_Anggrek-Putih_Anonim.jpg", "Lokasi_Lukisan": 4, "Keterangan": "", "Upload_date": "2018-11-20T11:36:36.882Z"}}, {"model": "singgasanaseni.karya", "pk": 136, "fields": {"No_Index": "MG_3510", "Judul": "Pagoda / Pura", "Perupa": 7, "Jenis": "Lukisan", "Kategori": "Pemandangan Alam dan Kota", "Dimensi": "-", "Material": "Cat Minyak -Kanvas", "Tahun_Pembuatan": null, "Gambar": "karya/_MG_3510.jpg", "Lokasi_Lukisan": 3, "Keterangan": "", "Upload_date": "2018-11-20T11:39:51.662Z"}}, {"model": "singgasanaseni.karya", "pk": 137, "fields": {"No_Index": "MG_4626", "Judul": "Perkampungan Di Bali", "Perupa": 17, "Jenis": "Lukisan", "Kategori": "Pemandangan Alam dan Kota", "Dimensi": "-", "Material": "C.Minyak - Goni", "Tahun_Pembuatan": null, "Gambar": "karya/_MG_4629_copy_copy_0340_Perkampungan_Di_Bali_Sudarso.jpg", "Lokasi_Lukisan": 2, "Keterangan": "", "Upload_date": "2018-11-20T11:49:22.055Z"}}, {"model": "singgasanaseni.karya", "pk": 138, "fields": {"No_Index": "MG_2909", "Judul": "Wanita Memakai Setagen Merah", "Perupa": 17, "Jenis": "Lukisan", "Kategori": "Potret dan Sensualitas", "Dimensi": "-", "Material": "Cat Minyak -Kanvas", "Tahun_Pembuatan": null, "Gambar": "karya/_MG_2909.jpg", "Lokasi_Lukisan": 3, "Keterangan": "", "Upload_date": "2018-11-20T11:51:05.840Z"}}, {"model": "singgasanaseni.karya", "pk": 139, "fields": {"No_Index": "MG_3431", "Judul": "Husni Thamrin", "Perupa": 17, "Jenis": "Lukisan", "Kategori": "Potret dan Sensualitas", "Dimensi": "-", "Material": "Cat Minyak -Kanvas", "Tahun_Pembuatan": null, "Gambar": "karya/_MG_3431.jpg", "Lokasi_Lukisan": 3, "Keterangan": "", "Upload_date": "2018-11-20T11:52:24.905Z"}}, {"model": "singgasanaseni.karya", "pk": 140, "fields": {"No_Index": "MG_6568", "Judul": "Wanita Kebaya Kuning", "Perupa": 17, "Jenis": "Lukisan", "Kategori": "Potret dan Sensualitas", "Dimensi": "-", "Material": "Cat Minyak -Kanvas", "Tahun_Pembuatan": null, "Gambar": "karya/_MG_6568.jpg", "Lokasi_Lukisan": 1, "Keterangan": "", "Upload_date": "2018-11-20T11:53:28.415Z"}}, {"model": "singgasanaseni.karya", "pk": 141, "fields": {"No_Index": "MG_5490", "Judul": "Kali Campuan", "Perupa": 17, "Jenis": "Lukisan", "Kategori": "Pemandangan Alam dan Kota", "Dimensi": "-", "Material": "Cat Minyak -Kanvas", "Tahun_Pembuatan": null, "Gambar": "karya/_MG_5490.jpg", "Lokasi_Lukisan": 1, "Keterangan": "", "Upload_date": "2018-11-20T11:56:40.052Z"}}, {"model": "singgasanaseni.karya", "pk": 142, "fields": {"No_Index": "MG_7108", "Judul": "Menanti Suami", "Perupa": 17, "Jenis": "Lukisan", "Kategori": "Potret dan Sensualitas", "Dimensi": "-", "Material": "Cat Minyak -Kanvas", "Tahun_Pembuatan": null, "Gambar": "karya/MG_7108_1fdgcGF.jpg", "Lokasi_Lukisan": 1, "Keterangan": "", "Upload_date": "2018-11-20T11:59:52.387Z"}}, {"model": "singgasanaseni.karya", "pk": 143, "fields": {"No_Index": "MG_5345", "Judul": "Wanita Kebaya Kembang-kembang", "Perupa": 17, "Jenis": "Lukisan", "Kategori": "Potret dan Sensualitas", "Dimensi": "-", "Material": "Cat Minyak -Kanvas", "Tahun_Pembuatan": null, "Gambar": "karya/_MG_5245.jpg", "Lokasi_Lukisan": 1, "Keterangan": "", "Upload_date": "2018-11-20T12:01:19.684Z"}}, {"model": "singgasanaseni.karya", "pk": 144, "fields": {"No_Index": "MG_6146", "Judul": "Dik Kedah", "Perupa": 17, "Jenis": "Lukisan", "Kategori": "Potret dan Sensualitas", "Dimensi": "-", "Material": "Cat Minyak -Kanvas", "Tahun_Pembuatan": null, "Gambar": "karya/_MG_6146_1.jpg", "Lokasi_Lukisan": 1, "Keterangan": "", "Upload_date": "2018-11-20T12:02:36.273Z"}}, {"model": "singgasanaseni.karya", "pk": 145, "fields": {"No_Index": "MG_0041", "Judul": "Wanita Yogya", "Perupa": 17, "Jenis": "Lukisan", "Kategori": "Potret dan Sensualitas", "Dimensi": "-", "Material": "Cat Minyak -Kanvas", "Tahun_Pembuatan": null, "Gambar": "karya/_MG_0041-copy_Sudarso_Wanita-Yogya.jpg", "Lokasi_Lukisan": 4, "Keterangan": "", "Upload_date": "2018-11-20T12:05:08.482Z"}}, {"model": "singgasanaseni.karya", "pk": 146, "fields": {"No_Index": "MG_0110", "Judul": "DR.Cipto Mangunkusumo", "Perupa": 17, "Jenis": "Lukisan", "Kategori": "Potret dan Sensualitas", "Dimensi": "-", "Material": "Cat Minyak -Kanvas", "Tahun_Pembuatan": null, "Gambar": "karya/_MG_0110-copy_Sudarso_Dr.-Cipto-Mangunkusumo.jpg", "Lokasi_Lukisan": 4, "Keterangan": "", "Upload_date": "2018-11-20T12:06:26.019Z"}}, {"model": "singgasanaseni.karya", "pk": 147, "fields": {"No_Index": "MG_6612", "Judul": "Wanita Yogya / Dik Sudilah", "Perupa": 17, "Jenis": "Lukisan", "Kategori": "Potret dan Sensualitas", "Dimensi": "-", "Material": "Cat Minyak -Kanvas", "Tahun_Pembuatan": null, "Gambar": "karya/_MG_6612.jpg", "Lokasi_Lukisan": 1, "Keterangan": "", "Upload_date": "2018-11-20T12:08:52.303Z"}}, {"model": "singgasanaseni.karya", "pk": 148, "fields": {"No_Index": "MG_5541", "Judul": "Potret Seorang Gadis", "Perupa": 9, "Jenis": "Lukisan", "Kategori": "Pemandangan Alam dan Kota", "Dimensi": "-", "Material": "Cat Minyak -Kanvas", "Tahun_Pembuatan": null, "Gambar": "karya/_MG_5541.jpg", "Lokasi_Lukisan": 1, "Keterangan": "", "Upload_date": "2018-11-20T12:46:07.121Z"}}, {"model": "singgasanaseni.karya", "pk": 149, "fields": {"No_Index": "MG_5644", "Judul": "Potret Dari Solo", "Perupa": 9, "Jenis": "Lukisan", "Kategori": "Potret dan Sensualitas", "Dimensi": "-", "Material": "Pastel - Kertas", "Tahun_Pembuatan": null, "Gambar": "karya/_MG_5644.jpg", "Lokasi_Lukisan": 1, "Keterangan": "", "Upload_date": "2018-11-20T12:47:06.694Z"}}, {"model": "singgasanaseni.karya", "pk": 150, "fields": {"No_Index": "MG_7208", "Judul": "Wanita Duduk di Atas Rumput", "Perupa": 9, "Jenis": "Lukisan", "Kategori": "Potret dan Sensualitas", "Dimensi": "-", "Material": "Cat Minyak -Kanvas", "Tahun_Pembuatan": null, "Gambar": "karya/MG_7208.jpg", "Lokasi_Lukisan": 1, "Keterangan": "", "Upload_date": "2018-11-20T12:50:02.733Z"}}, {"model": "singgasanaseni.karya", "pk": 151, "fields": {"No_Index": "MG_7173", "Judul": "Wanita Duduk di Atas Karang", "Perupa": 9, "Jenis": "Lukisan", "Kategori": "Potret dan Sensualitas", "Dimensi": "-", "Material": "Cat Minyak -Kanvas", "Tahun_Pembuatan": null, "Gambar": "karya/MG_7173.jpg", "Lokasi_Lukisan": 1, "Keterangan": "", "Upload_date": "2018-11-20T12:52:07.591Z"}}, {"model": "singgasanaseni.karya", "pk": 152, "fields": {"No_Index": "MG_7093", "Judul": "Wanita Berdiri Memegang Pipi", "Perupa": 9, "Jenis": "Lukisan", "Kategori": "Potret dan Sensualitas", "Dimensi": "-", "Material": "Cat Minyak -Kanvas", "Tahun_Pembuatan": null, "Gambar": "karya/MG_7093.jpg", "Lokasi_Lukisan": 1, "Keterangan": "", "Upload_date": "2018-11-20T12:53:37.804Z"}}, {"model": "singgasanaseni.berita", "pk": 1, "fields": {"Tanggal": "2018-11-14", "Judul": "Lorem ipsum", "Subjudul": "Dolor Sit Amet", "Sumber": "detik.com", "Link": "www.detik.com", "Isiberita": "ahun 1973 Pramoedya yang ditahan di Pulau Buru diberi sedikit keleluasaan untuk melanjutkan kerja kreatif. Hasrat lama untuk menyusun siklus sejarah Indonesia dalam bentuk cerita pun kembali ditekuninya. Dengan bahan yang serba terbatas ia mulai menceritakan jilid pertama Bumi Manusia kepada tahanan yang lain di sawah-ladang maupun barak penampungan. Baru dua tahun kemudian ia mulai menulis atas jasa beberapa tahanan yang memperbaiki dan menyerahkan mesin tik tua Royal 440 untuknya.\r\n\r\nBulan April 1980 selepas dari tahanan, Hasjim Rachman, mantan pemimpin redaksi Bintang Timur, dan Pramoedya menemui Joesoef Isak, mantan wartawan Merdeka yang belasan tahun mendekam di Rutan Salemba. Diskusi berkembang, dan kesepakatan dicapai untuk menerbitkan karya eks-tapol yang selama ini tidak mendapat sambutan dari penerbit lain.\r\n\r\nNaskah pertama terpilih untuk diterbitkan adalah Bumi Manusia. Pramoedya kembali bekerja keras memilah tumpukan kertas doorslag yang berhasil diselamatkannya dari Pulau Buru. Hampir semua naskah aslinya ditahan oleh petugas penjara dan sampai tidak pernah dikembalikan. Dalam waktu tiga bulan ia berhasil menyalin kembali dan merajut tumpukan kertas lusuh yang dimakan cuaca menjadi naskah buku. Sementara itu, Hasjim dan Joesoef berkeliling menemui beberapa pejabat pemerintah, termasuk wakil presiden Adam Malik, yang ternyata memberikan sambutan baik.\r\n\r\nAwal Juli 1980 naskah Bumi Manusia dikirim ke percetakan Aga Press dengan harapan terbit menjelang peringatan Proklamasi. Cetakan pertama keluar tanggal 25 Agustus 1980.", "Gambar": "berita/Agus_Djaya_-_Budaya.jpg", "Published": true, "Upload_date": "2018-11-14T07:06:07.406Z"}}, {"model": "singgasanaseni.berita", "pk": 2, "fields": {"Tanggal": "2018-11-14", "Judul": "LOREM IPSUM 2", "Subjudul": "lorem ipsum", "Sumber": "wikipedia", "Link": "wikipedia.com", "Isiberita": "Buku adalah kumpulan kertas atau bahan lainnya yang dijilid menjadi satu pada salah satu ujungnya dan berisi tulisan atau gambar. Setiap sisi dari sebuah lembaran kertas pada buku disebut sebuah halaman.\r\n\r\nSeiring dengan perkembangan dalam bidang dunia informatika, kini dikenal pula istilah e-book atau buku-e (buku elektronik), yang mengandalkan perangkat seperti komputer meja, komputer jinjing, komputer tablet, telepon seluler dan lainnya, serta menggunakan perangkat lunak tertentu untuk membacanya.\r\n\r\nDalam bahasa Indonesia terdapat kata kitab yang diserap dari bahasa Arab (\u0643\u062a\u0627\u0628), yang memiliki arti buku. Kemudian pada penggunaan kata tersebut, kata kitab ditujukan hanya kepada sebuah teks atau tulisan yang dijilid menjadi satu. Biasanya kitab merujuk kepada jenis tulisan kuno yang mempunyai ketetapan hukum, atau dengan kata lain merupakan undang-undang yang mengatur. Istilah kitab biasanya digunakan untuk menyebut karya sastra para pujangga pada masa lampau yang dapat dijadikan sebagai bukti sejarah untuk mengungkapkan suatu peristiwa masa lampau seperti halnya kitab suci. Kerajaan-kerajaan di Nusantara pada masa lampau memberi kedudukan yang penting bagi para pujangga untuk menceritakan kehidupan dan kekuasaan raja-raja pada waktu itu untuk diriwayatkan dengan cara ditulis.", "Gambar": "berita/istana-bogor-akan-dibuka-untuk-umum-10-14-september-ayo-berkunjung.jpg", "Published": true, "Upload_date": "2018-11-14T07:09:23.298Z"}}, {"model": "auth.permission", "fields": {"name": "Can add log entry", "content_type": ["admin", "logentry"], "codename": "add_logentry"}}, {"model": "auth.permission", "fields": {"name": "Can change log entry", "content_type": ["admin", "logentry"], "codename": "change_logentry"}}, {"model": "auth.permission", "fields": {"name": "Can delete log entry", "content_type": ["admin", "logentry"], "codename": "delete_logentry"}}, {"model": "auth.permission", "fields": {"name": "Can add permission", "content_type": ["auth", "permission"], "codename": "add_permission"}}, {"model": "auth.permission", "fields": {"name": "Can change permission", "content_type": ["auth", "permission"], "codename": "change_permission"}}, {"model": "auth.permission", "fields": {"name": "Can delete permission", "content_type": ["auth", "permission"], "codename": "delete_permission"}}, {"model": "auth.permission", "fields": {"name": "Can add group", "content_type": ["auth", "group"], "codename": "add_group"}}, {"model": "auth.permission", "fields": {"name": "Can change group", "content_type": ["auth", "group"], "codename": "change_group"}}, {"model": "auth.permission", "fields": {"name": "Can delete group", "content_type": ["auth", "group"], "codename": "delete_group"}}, {"model": "auth.permission", "fields": {"name": "Can add user", "content_type": ["auth", "user"], "codename": "add_user"}}, {"model": "auth.permission", "fields": {"name": "Can change user", "content_type": ["auth", "user"], "codename": "change_user"}}, {"model": "auth.permission", "fields": {"name": "Can delete user", "content_type": ["auth", "user"], "codename": "delete_user"}}, {"model": "auth.permission", "fields": {"name": "Can add content type", "content_type": ["contenttypes", "contenttype"], "codename": "add_contenttype"}}, {"model": "auth.permission", "fields": {"name": "Can change content type", "content_type": ["contenttypes", "contenttype"], "codename": "change_contenttype"}}, {"model": "auth.permission", "fields": {"name": "Can delete content type", "content_type": ["contenttypes", "contenttype"], "codename": "delete_contenttype"}}, {"model": "auth.permission", "fields": {"name": "Can add session", "content_type": ["sessions", "session"], "codename": "add_session"}}, {"model": "auth.permission", "fields": {"name": "Can change session", "content_type": ["sessions", "session"], "codename": "change_session"}}, {"model": "auth.permission", "fields": {"name": "Can delete session", "content_type": ["sessions", "session"], "codename": "delete_session"}}, {"model": "auth.permission", "fields": {"name": "Can add acara", "content_type": ["singgasanaseni", "acara"], "codename": "add_acara"}}, {"model": "auth.permission", "fields": {"name": "Can change acara", "content_type": ["singgasanaseni", "acara"], "codename": "change_acara"}}, {"model": "auth.permission", "fields": {"name": "Can delete acara", "content_type": ["singgasanaseni", "acara"], "codename": "delete_acara"}}, {"model": "auth.permission", "fields": {"name": "Can add istana", "content_type": ["singgasanaseni", "istana"], "codename": "add_istana"}}, {"model": "auth.permission", "fields": {"name": "Can change istana", "content_type": ["singgasanaseni", "istana"], "codename": "change_istana"}}, {"model": "auth.permission", "fields": {"name": "Can delete istana", "content_type": ["singgasanaseni", "istana"], "codename": "delete_istana"}}, {"model": "auth.permission", "fields": {"name": "Can add karya", "content_type": ["singgasanaseni", "karya"], "codename": "add_karya"}}, {"model": "auth.permission", "fields": {"name": "Can change karya", "content_type": ["singgasanaseni", "karya"], "codename": "change_karya"}}, {"model": "auth.permission", "fields": {"name": "Can delete karya", "content_type": ["singgasanaseni", "karya"], "codename": "delete_karya"}}, {"model": "auth.permission", "fields": {"name": "Can add kurator", "content_type": ["singgasanaseni", "kurator"], "codename": "add_kurator"}}, {"model": "auth.permission", "fields": {"name": "Can change kurator", "content_type": ["singgasanaseni", "kurator"], "codename": "change_kurator"}}, {"model": "auth.permission", "fields": {"name": "Can delete kurator", "content_type": ["singgasanaseni", "kurator"], "codename": "delete_kurator"}}, {"model": "auth.permission", "fields": {"name": "Can add perupa", "content_type": ["singgasanaseni", "perupa"], "codename": "add_perupa"}}, {"model": "auth.permission", "fields": {"name": "Can change perupa", "content_type": ["singgasanaseni", "perupa"], "codename": "change_perupa"}}, {"model": "auth.permission", "fields": {"name": "Can delete perupa", "content_type": ["singgasanaseni", "perupa"], "codename": "delete_perupa"}}, {"model": "auth.permission", "fields": {"name": "Can add berita", "content_type": ["singgasanaseni", "berita"], "codename": "add_berita"}}, {"model": "auth.permission", "fields": {"name": "Can change berita", "content_type": ["singgasanaseni", "berita"], "codename": "change_berita"}}, {"model": "auth.permission", "fields": {"name": "Can delete berita", "content_type": ["singgasanaseni", "berita"], "codename": "delete_berita"}}, {"model": "auth.permission", "fields": {"name": "Can view log entry", "content_type": ["admin", "logentry"], "codename": "view_logentry"}}, {"model": "auth.permission", "fields": {"name": "Can view permission", "content_type": ["auth", "permission"], "codename": "view_permission"}}, {"model": "auth.permission", "fields": {"name": "Can view group", "content_type": ["auth", "group"], "codename": "view_group"}}, {"model": "auth.permission", "fields": {"name": "Can view user", "content_type": ["auth", "user"], "codename": "view_user"}}, {"model": "auth.permission", "fields": {"name": "Can view content type", "content_type": ["contenttypes", "contenttype"], "codename": "view_contenttype"}}, {"model": "auth.permission", "fields": {"name": "Can view session", "content_type": ["sessions", "session"], "codename": "view_session"}}, {"model": "auth.permission", "fields": {"name": "Can view istana", "content_type": ["singgasanaseni", "istana"], "codename": "view_istana"}}, {"model": "auth.permission", "fields": {"name": "Can view karya", "content_type": ["singgasanaseni", "karya"], "codename": "view_karya"}}, {"model": "auth.permission", "fields": {"name": "Can view perupa", "content_type": ["singgasanaseni", "perupa"], "codename": "view_perupa"}}, {"model": "auth.permission", "fields": {"name": "Can view berita", "content_type": ["singgasanaseni", "berita"], "codename": "view_berita"}}, {"model": "auth.user", "fields": {"password": "pbkdf2_sha256$120000$dzmxF74m30tI$PvxG+j4MlIDkUKRCP8G6QKASB8hQ8n8o2encrkLpigI=", "last_login": "2018-11-16T01:38:07.519Z", "is_superuser": true, "username": "admin", "first_name": "", "last_name": "", "email": "nurojilukmansyah@gmail.com", "is_staff": true, "is_active": true, "date_joined": "2018-10-04T06:11:10.888Z", "groups": [], "user_permissions": []}}, {"model": "admin.logentry", "pk": 1, "fields": {"action_time": "2018-10-04T06:56:34.254Z", "user": ["admin"], "content_type": ["singgasanaseni", "istana"], "object_id": "1", "object_repr": "Istana Bogor", "action_flag": 1, "change_message": "[{\"added\": {}}]"}}, {"model": "admin.logentry", "pk": 2, "fields": {"action_time": "2018-10-04T06:58:06.243Z", "user": ["admin"], "content_type": ["singgasanaseni", "istana"], "object_id": "2", "object_repr": "Istana Tampak Siring", "action_flag": 1, "change_message": "[{\"added\": {}}]"}}, {"model": "admin.logentry", "pk": 3, "fields": {"action_time": "2018-10-04T07:00:03.286Z", "user": ["admin"], "content_type": ["singgasanaseni", "istana"], "object_id": "3", "object_repr": "Istana Gedung Agung Yogyakarta", "action_flag": 1, "change_message": "[{\"added\": {}}]"}}, {"model": "admin.logentry", "pk": 4, "fields": {"action_time": "2018-10-04T07:10:17.804Z", "user": ["admin"], "content_type": ["singgasanaseni", "perupa"], "object_id": "1", "object_repr": "Anak Agung Gde Sobra", "action_flag": 1, "change_message": "[{\"added\": {}}]"}}, {"model": "admin.logentry", "pk": 5, "fields": {"action_time": "2018-10-04T07:14:44.429Z", "user": ["admin"], "content_type": ["singgasanaseni", "perupa"], "object_id": "2", "object_repr": "Anak Agung Gede Raka Turas", "action_flag": 1, "change_message": "[{\"added\": {}}]"}}, {"model": "admin.logentry", "pk": 6, "fields": {"action_time": "2018-10-04T07:17:21.001Z", "user": ["admin"], "content_type": ["singgasanaseni", "perupa"], "object_id": "3", "object_repr": "Raden Agoes Djajasoeminta", "action_flag": 1, "change_message": "[{\"added\": {}}]"}}, {"model": "admin.logentry", "pk": 7, "fields": {"action_time": "2018-10-04T07:17:39.281Z", "user": ["admin"], "content_type": ["singgasanaseni", "perupa"], "object_id": "2", "object_repr": "Anak Agung Gede Raka Turas", "action_flag": 2, "change_message": "[{\"changed\": {\"fields\": [\"Panggilan\"]}}]"}}, {"model": "admin.logentry", "pk": 8, "fields": {"action_time": "2018-10-04T07:22:13.507Z", "user": ["admin"], "content_type": ["singgasanaseni", "perupa"], "object_id": "4", "object_repr": "Alimin Tamin", "action_flag": 1, "change_message": "[{\"added\": {}}]"}}, {"model": "admin.logentry", "pk": 9, "fields": {"action_time": "2018-10-04T07:22:37.058Z", "user": ["admin"], "content_type": ["singgasanaseni", "perupa"], "object_id": "5", "object_repr": "Alimin", "action_flag": 1, "change_message": "[{\"added\": {}}]"}}, {"model": "admin.logentry", "pk": 10, "fields": {"action_time": "2018-10-04T07:25:33.038Z", "user": ["admin"], "content_type": ["singgasanaseni", "perupa"], "object_id": "6", "object_repr": "Amri Yahya", "action_flag": 1, "change_message": "[{\"added\": {}}]"}}, {"model": "admin.logentry", "pk": 11, "fields": {"action_time": "2018-10-04T07:25:54.319Z", "user": ["admin"], "content_type": ["singgasanaseni", "perupa"], "object_id": "7", "object_repr": "Anonim", "action_flag": 1, "change_message": "[{\"added\": {}}]"}}, {"model": "admin.logentry", "pk": 12, "fields": {"action_time": "2018-10-04T07:32:56.722Z", "user": ["admin"], "content_type": ["singgasanaseni", "perupa"], "object_id": "8", "object_repr": "Auke Cornelis Sonneg", "action_flag": 1, "change_message": "[{\"added\": {}}]"}}, {"model": "admin.logentry", "pk": 13, "fields": {"action_time": "2018-10-04T07:36:27.878Z", "user": ["admin"], "content_type": ["singgasanaseni", "perupa"], "object_id": "9", "object_repr": "Basuki Abdullah", "action_flag": 1, "change_message": "[{\"added\": {}}]"}}, {"model": "admin.logentry", "pk": 14, "fields": {"action_time": "2018-10-04T07:48:07.931Z", "user": ["admin"], "content_type": ["singgasanaseni", "karya"], "object_id": "1", "object_repr": "Mangkatnya Raja Airlanga", "action_flag": 1, "change_message": "[{\"added\": {}}]"}}, {"model": "admin.logentry", "pk": 15, "fields": {"action_time": "2018-10-04T14:35:15.199Z", "user": ["admin"], "content_type": ["singgasanaseni", "karya"], "object_id": "2", "object_repr": "Penari Bali Sedang Berhias", "action_flag": 1, "change_message": "[{\"added\": {}}]"}}, {"model": "admin.logentry", "pk": 16, "fields": {"action_time": "2018-10-04T14:36:48.102Z", "user": ["admin"], "content_type": ["singgasanaseni", "karya"], "object_id": "3", "object_repr": "Burung Kuntul", "action_flag": 1, "change_message": "[{\"added\": {}}]"}}, {"model": "admin.logentry", "pk": 17, "fields": {"action_time": "2018-10-04T14:38:04.325Z", "user": ["admin"], "content_type": ["singgasanaseni", "karya"], "object_id": "4", "object_repr": "Putri ikan Duyung", "action_flag": 1, "change_message": "[{\"added\": {}}]"}}, {"model": "admin.logentry", "pk": 18, "fields": {"action_time": "2018-10-04T14:39:58.133Z", "user": ["admin"], "content_type": ["singgasanaseni", "karya"], "object_id": "5", "object_repr": "Lima Wanita", "action_flag": 1, "change_message": "[{\"added\": {}}]"}}, {"model": "admin.logentry", "pk": 19, "fields": {"action_time": "2018-10-23T15:05:32.803Z", "user": ["admin"], "content_type": ["singgasanaseni", "karya"], "object_id": "6", "object_repr": "q", "action_flag": 1, "change_message": "[{\"added\": {}}]"}}, {"model": "admin.logentry", "pk": 20, "fields": {"action_time": "2018-10-23T15:05:58.706Z", "user": ["admin"], "content_type": ["singgasanaseni", "karya"], "object_id": "7", "object_repr": "qwqw", "action_flag": 1, "change_message": "[{\"added\": {}}]"}}, {"model": "admin.logentry", "pk": 21, "fields": {"action_time": "2018-10-23T15:06:26.107Z", "user": ["admin"], "content_type": ["singgasanaseni", "karya"], "object_id": "8", "object_repr": "wewew", "action_flag": 1, "change_message": "[{\"added\": {}}]"}}, {"model": "admin.logentry", "pk": 22, "fields": {"action_time": "2018-10-23T15:06:47.884Z", "user": ["admin"], "content_type": ["singgasanaseni", "karya"], "object_id": "8", "object_repr": "wewew3232", "action_flag": 2, "change_message": "[{\"changed\": {\"fields\": [\"No_Index\", \"Judul\", \"Perupa\", \"Gambar\"]}}]"}}, {"model": "admin.logentry", "pk": 23, "fields": {"action_time": "2018-10-23T15:07:12.129Z", "user": ["admin"], "content_type": ["singgasanaseni", "karya"], "object_id": "9", "object_repr": "323223", "action_flag": 1, "change_message": "[{\"added\": {}}]"}}, {"model": "admin.logentry", "pk": 24, "fields": {"action_time": "2018-10-23T15:07:43.491Z", "user": ["admin"], "content_type": ["singgasanaseni", "karya"], "object_id": "10", "object_repr": "ytytyty", "action_flag": 1, "change_message": "[{\"added\": {}}]"}}, {"model": "admin.logentry", "pk": 25, "fields": {"action_time": "2018-10-23T15:08:18.630Z", "user": ["admin"], "content_type": ["singgasanaseni", "karya"], "object_id": "11", "object_repr": "rerere", "action_flag": 1, "change_message": "[{\"added\": {}}]"}}, {"model": "admin.logentry", "pk": 26, "fields": {"action_time": "2018-10-24T04:23:13.343Z", "user": ["admin"], "content_type": ["singgasanaseni", "perupa"], "object_id": "10", "object_repr": "aaaaa", "action_flag": 1, "change_message": "[{\"added\": {}}]"}}, {"model": "admin.logentry", "pk": 27, "fields": {"action_time": "2018-10-24T04:23:32.385Z", "user": ["admin"], "content_type": ["singgasanaseni", "perupa"], "object_id": "11", "object_repr": "bbb", "action_flag": 1, "change_message": "[{\"added\": {}}]"}}, {"model": "admin.logentry", "pk": 28, "fields": {"action_time": "2018-11-14T06:55:45.723Z", "user": ["admin"], "content_type": ["singgasanaseni", "perupa"], "object_id": "9", "object_repr": "Basuki Abdullah", "action_flag": 2, "change_message": "[{\"changed\": {\"fields\": [\"Kategori\"]}}]"}}, {"model": "admin.logentry", "pk": 29, "fields": {"action_time": "2018-11-14T06:55:56.271Z", "user": ["admin"], "content_type": ["singgasanaseni", "perupa"], "object_id": "8", "object_repr": "Auke Cornelis Sonneg", "action_flag": 2, "change_message": "[{\"changed\": {\"fields\": [\"Kategori\"]}}]"}}, {"model": "admin.logentry", "pk": 30, "fields": {"action_time": "2018-11-14T06:56:06.659Z", "user": ["admin"], "content_type": ["singgasanaseni", "perupa"], "object_id": "7", "object_repr": "Anonim", "action_flag": 2, "change_message": "[{\"changed\": {\"fields\": [\"Kategori\"]}}]"}}, {"model": "admin.logentry", "pk": 31, "fields": {"action_time": "2018-11-14T06:56:15.070Z", "user": ["admin"], "content_type": ["singgasanaseni", "perupa"], "object_id": "6", "object_repr": "Amri Yahya", "action_flag": 2, "change_message": "[{\"changed\": {\"fields\": [\"Kategori\"]}}]"}}, {"model": "admin.logentry", "pk": 32, "fields": {"action_time": "2018-11-14T06:56:23.398Z", "user": ["admin"], "content_type": ["singgasanaseni", "perupa"], "object_id": "5", "object_repr": "Alimin", "action_flag": 2, "change_message": "[{\"changed\": {\"fields\": [\"Kategori\"]}}]"}}, {"model": "admin.logentry", "pk": 33, "fields": {"action_time": "2018-11-14T06:56:31.840Z", "user": ["admin"], "content_type": ["singgasanaseni", "perupa"], "object_id": "4", "object_repr": "Alimin Tamin", "action_flag": 2, "change_message": "[{\"changed\": {\"fields\": [\"Kategori\"]}}]"}}, {"model": "admin.logentry", "pk": 34, "fields": {"action_time": "2018-11-14T06:56:40.708Z", "user": ["admin"], "content_type": ["singgasanaseni", "perupa"], "object_id": "3", "object_repr": "Agus Djaya", "action_flag": 2, "change_message": "[{\"changed\": {\"fields\": [\"Kategori\"]}}]"}}, {"model": "admin.logentry", "pk": 35, "fields": {"action_time": "2018-11-14T06:56:46.596Z", "user": ["admin"], "content_type": ["singgasanaseni", "perupa"], "object_id": "2", "object_repr": "Anak Agung Gede Raka", "action_flag": 2, "change_message": "[{\"changed\": {\"fields\": [\"Kategori\"]}}]"}}, {"model": "admin.logentry", "pk": 36, "fields": {"action_time": "2018-11-14T06:56:54.702Z", "user": ["admin"], "content_type": ["singgasanaseni", "perupa"], "object_id": "1", "object_repr": "Anak Agung Gde Sobra", "action_flag": 2, "change_message": "[{\"changed\": {\"fields\": [\"Kategori\"]}}]"}}, {"model": "admin.logentry", "pk": 37, "fields": {"action_time": "2018-11-14T07:06:07.408Z", "user": ["admin"], "content_type": ["singgasanaseni", "berita"], "object_id": "1", "object_repr": "Lorem ipsum", "action_flag": 1, "change_message": "[{\"added\": {}}]"}}, {"model": "admin.logentry", "pk": 38, "fields": {"action_time": "2018-11-14T07:09:23.354Z", "user": ["admin"], "content_type": ["singgasanaseni", "berita"], "object_id": "2", "object_repr": "LOREM IPSUM 2", "action_flag": 1, "change_message": "[{\"added\": {}}]"}}, {"model": "admin.logentry", "pk": 39, "fields": {"action_time": "2018-11-15T15:44:00.595Z", "user": ["admin"], "content_type": ["singgasanaseni", "perupa"], "object_id": "11", "object_repr": "bbb", "action_flag": 3, "change_message": ""}}, {"model": "admin.logentry", "pk": 40, "fields": {"action_time": "2018-11-15T15:44:00.597Z", "user": ["admin"], "content_type": ["singgasanaseni", "perupa"], "object_id": "10", "object_repr": "aaaaa", "action_flag": 3, "change_message": ""}}, {"model": "admin.logentry", "pk": 41, "fields": {"action_time": "2018-11-15T15:44:36.460Z", "user": ["admin"], "content_type": ["singgasanaseni", "perupa"], "object_id": "9", "object_repr": "Basuki Abdullah", "action_flag": 2, "change_message": "[{\"changed\": {\"fields\": [\"Gambar\"]}}]"}}, {"model": "admin.logentry", "pk": 42, "fields": {"action_time": "2018-11-15T15:48:40.103Z", "user": ["admin"], "content_type": ["singgasanaseni", "perupa"], "object_id": "12", "object_repr": "Raden Saleh", "action_flag": 1, "change_message": "[{\"added\": {}}]"}}, {"model": "admin.logentry", "pk": 43, "fields": {"action_time": "2018-11-15T15:49:45.719Z", "user": ["admin"], "content_type": ["singgasanaseni", "perupa"], "object_id": "13", "object_repr": "S.Soedjojono", "action_flag": 1, "change_message": "[{\"added\": {}}]"}}, {"model": "admin.logentry", "pk": 44, "fields": {"action_time": "2018-11-15T16:08:14.265Z", "user": ["admin"], "content_type": ["singgasanaseni", "karya"], "object_id": "12", "object_repr": "Upacara Pembarakan Jenazah di Bali", "action_flag": 1, "change_message": "[{\"added\": {}}]"}}, {"model": "admin.logentry", "pk": 45, "fields": {"action_time": "2018-11-15T16:14:13.067Z", "user": ["admin"], "content_type": ["singgasanaseni", "karya"], "object_id": "13", "object_repr": "Gadis Bali Membawa Bakul", "action_flag": 1, "change_message": "[{\"added\": {}}]"}}, {"model": "admin.logentry", "pk": 46, "fields": {"action_time": "2018-11-15T16:17:30.632Z", "user": ["admin"], "content_type": ["singgasanaseni", "karya"], "object_id": "14", "object_repr": "Tari Kebyar", "action_flag": 1, "change_message": "[{\"added\": {}}]"}}, {"model": "admin.logentry", "pk": 47, "fields": {"action_time": "2018-11-15T16:24:58.982Z", "user": ["admin"], "content_type": ["singgasanaseni", "karya"], "object_id": "15", "object_repr": "Nyai Roro Kidul", "action_flag": 1, "change_message": "[{\"added\": {}}]"}}, {"model": "admin.logentry", "pk": 48, "fields": {"action_time": "2018-11-15T16:28:16.203Z", "user": ["admin"], "content_type": ["singgasanaseni", "karya"], "object_id": "16", "object_repr": "Nasehat Kakek", "action_flag": 1, "change_message": "[{\"added\": {}}]"}}, {"model": "admin.logentry", "pk": 49, "fields": {"action_time": "2018-11-15T16:36:08.389Z", "user": ["admin"], "content_type": ["singgasanaseni", "karya"], "object_id": "17", "object_repr": "Ombak Samudera", "action_flag": 1, "change_message": "[{\"added\": {}}]"}}, {"model": "admin.logentry", "pk": 50, "fields": {"action_time": "2018-11-15T16:39:07.198Z", "user": ["admin"], "content_type": ["singgasanaseni", "karya"], "object_id": "18", "object_repr": "Pemandangan Gunung Merapi", "action_flag": 1, "change_message": "[{\"added\": {}}]"}}, {"model": "admin.logentry", "pk": 51, "fields": {"action_time": "2018-11-15T16:46:48.246Z", "user": ["admin"], "content_type": ["singgasanaseni", "karya"], "object_id": "18", "object_repr": "Wanita Turun Dari Becak", "action_flag": 2, "change_message": "[{\"changed\": {\"fields\": [\"Judul\", \"Kategori\", \"Gambar\"]}}]"}}, {"model": "admin.logentry", "pk": 52, "fields": {"action_time": "2018-11-15T16:59:26.481Z", "user": ["admin"], "content_type": ["singgasanaseni", "karya"], "object_id": "19", "object_repr": "Pemandangan Gunung Merapi", "action_flag": 1, "change_message": "[{\"added\": {}}]"}}, {"model": "admin.logentry", "pk": 53, "fields": {"action_time": "2018-11-15T18:06:27.707Z", "user": ["admin"], "content_type": ["singgasanaseni", "karya"], "object_id": "20", "object_repr": "Potret Wanita", "action_flag": 1, "change_message": "[{\"added\": {}}]"}}, {"model": "admin.logentry", "pk": 54, "fields": {"action_time": "2018-11-15T18:08:24.615Z", "user": ["admin"], "content_type": ["singgasanaseni", "karya"], "object_id": "21", "object_repr": "Dr.Ir. Soekarno", "action_flag": 1, "change_message": "[{\"added\": {}}]"}}, {"model": "admin.logentry", "pk": 55, "fields": {"action_time": "2018-11-15T18:09:27.421Z", "user": ["admin"], "content_type": ["singgasanaseni", "karya"], "object_id": "22", "object_repr": "GAdis Berbaju Hijau", "action_flag": 1, "change_message": "[{\"added\": {}}]"}}, {"model": "admin.logentry", "pk": 56, "fields": {"action_time": "2018-11-15T18:14:51.699Z", "user": ["admin"], "content_type": ["singgasanaseni", "karya"], "object_id": "22", "object_repr": "Gadis Berbaju Hijau", "action_flag": 2, "change_message": "[{\"changed\": {\"fields\": [\"Judul\"]}}]"}}, {"model": "admin.logentry", "pk": 57, "fields": {"action_time": "2018-11-15T18:16:39.226Z", "user": ["admin"], "content_type": ["singgasanaseni", "karya"], "object_id": "23", "object_repr": "Pemandangan", "action_flag": 1, "change_message": "[{\"added\": {}}]"}}, {"model": "admin.logentry", "pk": 58, "fields": {"action_time": "2018-11-15T18:18:50.120Z", "user": ["admin"], "content_type": ["singgasanaseni", "karya"], "object_id": "24", "object_repr": "Gadis Bertopeng Dagu", "action_flag": 1, "change_message": "[{\"added\": {}}]"}}, {"model": "admin.logentry", "pk": 59, "fields": {"action_time": "2018-11-15T18:20:05.379Z", "user": ["admin"], "content_type": ["singgasanaseni", "karya"], "object_id": "25", "object_repr": "Potret Wanita", "action_flag": 1, "change_message": "[{\"added\": {}}]"}}, {"model": "admin.logentry", "pk": 60, "fields": {"action_time": "2018-11-15T18:21:24.963Z", "user": ["admin"], "content_type": ["singgasanaseni", "karya"], "object_id": "26", "object_repr": "Pemandangan Gunung Merapi", "action_flag": 1, "change_message": "[{\"added\": {}}]"}}, {"model": "admin.logentry", "pk": 61, "fields": {"action_time": "2018-11-15T18:27:43.420Z", "user": ["admin"], "content_type": ["singgasanaseni", "karya"], "object_id": "27", "object_repr": "Berburu Banteng I", "action_flag": 1, "change_message": "[{\"added\": {}}]"}}, {"model": "admin.logentry", "pk": 62, "fields": {"action_time": "2018-11-15T18:28:50.567Z", "user": ["admin"], "content_type": ["singgasanaseni", "karya"], "object_id": "28", "object_repr": "Harimau Minum", "action_flag": 1, "change_message": "[{\"added\": {}}]"}}, {"model": "admin.logentry", "pk": 63, "fields": {"action_time": "2018-11-15T18:35:06.208Z", "user": ["admin"], "content_type": ["singgasanaseni", "karya"], "object_id": "29", "object_repr": "Penangkapan Diponegoro", "action_flag": 1, "change_message": "[{\"added\": {}}]"}}, {"model": "admin.logentry", "pk": 64, "fields": {"action_time": "2018-11-15T18:41:15.153Z", "user": ["admin"], "content_type": ["singgasanaseni", "karya"], "object_id": "30", "object_repr": "Seko (Perintis Gerilya)", "action_flag": 1, "change_message": "[{\"added\": {}}]"}}, {"model": "admin.logentry", "pk": 65, "fields": {"action_time": "2018-11-15T18:42:12.932Z", "user": ["admin"], "content_type": ["singgasanaseni", "karya"], "object_id": "31", "object_repr": "Kawan-Kawan Revolusi", "action_flag": 1, "change_message": "[{\"added\": {}}]"}}, {"model": "admin.logentry", "pk": 66, "fields": {"action_time": "2018-11-15T18:43:41.037Z", "user": ["admin"], "content_type": ["singgasanaseni", "karya"], "object_id": "32", "object_repr": "Di Dalam Kampung", "action_flag": 1, "change_message": "[{\"added\": {}}]"}}, {"model": "admin.logentry", "pk": 67, "fields": {"action_time": "2018-11-15T18:44:43.908Z", "user": ["admin"], "content_type": ["singgasanaseni", "karya"], "object_id": "33", "object_repr": "Imam Bonjol", "action_flag": 1, "change_message": "[{\"added\": {}}]"}}, {"model": "admin.logentry", "pk": 68, "fields": {"action_time": "2018-11-15T18:46:27.232Z", "user": ["admin"], "content_type": ["singgasanaseni", "karya"], "object_id": "34", "object_repr": "Gerilya Mengatur Siasat", "action_flag": 1, "change_message": "[{\"added\": {}}]"}}, {"model": "admin.logentry", "pk": 69, "fields": {"action_time": "2018-11-15T18:47:35.808Z", "user": ["admin"], "content_type": ["singgasanaseni", "karya"], "object_id": "35", "object_repr": "Orang Tua Bali", "action_flag": 1, "change_message": "[{\"added\": {}}]"}}, {"model": "admin.logentry", "pk": 70, "fields": {"action_time": "2018-11-16T00:07:59.328Z", "user": ["admin"], "content_type": ["singgasanaseni", "karya"], "object_id": "11", "object_repr": "rerere", "action_flag": 3, "change_message": ""}}, {"model": "admin.logentry", "pk": 71, "fields": {"action_time": "2018-11-16T00:07:59.331Z", "user": ["admin"], "content_type": ["singgasanaseni", "karya"], "object_id": "10", "object_repr": "ytytyty", "action_flag": 3, "change_message": ""}}, {"model": "admin.logentry", "pk": 72, "fields": {"action_time": "2018-11-16T00:07:59.335Z", "user": ["admin"], "content_type": ["singgasanaseni", "karya"], "object_id": "9", "object_repr": "323223", "action_flag": 3, "change_message": ""}}, {"model": "admin.logentry", "pk": 73, "fields": {"action_time": "2018-11-16T00:07:59.355Z", "user": ["admin"], "content_type": ["singgasanaseni", "karya"], "object_id": "8", "object_repr": "wewew3232", "action_flag": 3, "change_message": ""}}, {"model": "admin.logentry", "pk": 74, "fields": {"action_time": "2018-11-16T00:07:59.368Z", "user": ["admin"], "content_type": ["singgasanaseni", "karya"], "object_id": "7", "object_repr": "qwqw", "action_flag": 3, "change_message": ""}}, {"model": "admin.logentry", "pk": 75, "fields": {"action_time": "2018-11-16T00:07:59.371Z", "user": ["admin"], "content_type": ["singgasanaseni", "karya"], "object_id": "6", "object_repr": "q", "action_flag": 3, "change_message": ""}}, {"model": "admin.logentry", "pk": 76, "fields": {"action_time": "2018-11-16T00:07:59.373Z", "user": ["admin"], "content_type": ["singgasanaseni", "karya"], "object_id": "5", "object_repr": "Lima Wanita", "action_flag": 3, "change_message": ""}}, {"model": "admin.logentry", "pk": 77, "fields": {"action_time": "2018-11-16T00:07:59.376Z", "user": ["admin"], "content_type": ["singgasanaseni", "karya"], "object_id": "4", "object_repr": "Putri ikan Duyung", "action_flag": 3, "change_message": ""}}, {"model": "admin.logentry", "pk": 78, "fields": {"action_time": "2018-11-16T00:07:59.379Z", "user": ["admin"], "content_type": ["singgasanaseni", "karya"], "object_id": "3", "object_repr": "Burung Kuntul", "action_flag": 3, "change_message": ""}}, {"model": "admin.logentry", "pk": 79, "fields": {"action_time": "2018-11-16T00:07:59.381Z", "user": ["admin"], "content_type": ["singgasanaseni", "karya"], "object_id": "2", "object_repr": "Penari Bali Sedang Berhias", "action_flag": 3, "change_message": ""}}, {"model": "admin.logentry", "pk": 80, "fields": {"action_time": "2018-11-16T00:07:59.384Z", "user": ["admin"], "content_type": ["singgasanaseni", "karya"], "object_id": "1", "object_repr": "Mangkatnya Raja Airlanga", "action_flag": 3, "change_message": ""}}, {"model": "admin.logentry", "pk": 81, "fields": {"action_time": "2018-11-16T03:42:29.793Z", "user": ["admin"], "content_type": ["singgasanaseni", "istana"], "object_id": "4", "object_repr": "Istana Merdeka", "action_flag": 1, "change_message": "[{\"added\": {}}]"}}, {"model": "admin.logentry", "pk": 82, "fields": {"action_time": "2018-11-16T03:43:33.019Z", "user": ["admin"], "content_type": ["singgasanaseni", "karya"], "object_id": "29", "object_repr": "Penangkapan Diponegoro", "action_flag": 2, "change_message": "[{\"changed\": {\"fields\": [\"Lokasi_Lukisan\"]}}]"}}, {"model": "admin.logentry", "pk": 83, "fields": {"action_time": "2018-11-16T03:44:09.024Z", "user": ["admin"], "content_type": ["singgasanaseni", "karya"], "object_id": "29", "object_repr": "Penangkapan Diponegoro", "action_flag": 2, "change_message": "[]"}}, {"model": "admin.logentry", "pk": 84, "fields": {"action_time": "2018-11-16T06:27:27.257Z", "user": ["admin"], "content_type": ["singgasanaseni", "karya"], "object_id": "36", "object_repr": "Merangkai Bunga", "action_flag": 1, "change_message": "[{\"added\": {}}]"}}, {"model": "admin.logentry", "pk": 85, "fields": {"action_time": "2018-11-16T06:28:52.124Z", "user": ["admin"], "content_type": ["singgasanaseni", "karya"], "object_id": "37", "object_repr": "Panen", "action_flag": 1, "change_message": "[{\"added\": {}}]"}}, {"model": "admin.logentry", "pk": 86, "fields": {"action_time": "2018-11-16T06:30:48.520Z", "user": ["admin"], "content_type": ["singgasanaseni", "karya"], "object_id": "38", "object_repr": "Wanita Roma", "action_flag": 1, "change_message": "[{\"added\": {}}]"}}, {"model": "admin.logentry", "pk": 87, "fields": {"action_time": "2018-11-16T11:51:12.265Z", "user": ["admin"], "content_type": ["singgasanaseni", "karya"], "object_id": "39", "object_repr": "Wanita Spanyol", "action_flag": 1, "change_message": "[{\"added\": {}}]"}}, {"model": "admin.logentry", "pk": 88, "fields": {"action_time": "2018-11-16T11:52:36.213Z", "user": ["admin"], "content_type": ["singgasanaseni", "karya"], "object_id": "40", "object_repr": "Wanita Berpose di Halaman", "action_flag": 1, "change_message": "[{\"added\": {}}]"}}, {"model": "admin.logentry", "pk": 89, "fields": {"action_time": "2018-11-16T11:54:00.901Z", "user": ["admin"], "content_type": ["singgasanaseni", "karya"], "object_id": "41", "object_repr": "Kawanan Kerbau", "action_flag": 1, "change_message": "[{\"added\": {}}]"}}, {"model": "admin.logentry", "pk": 90, "fields": {"action_time": "2018-11-16T11:55:34.305Z", "user": ["admin"], "content_type": ["singgasanaseni", "karya"], "object_id": "42", "object_repr": "Pemandangan", "action_flag": 1, "change_message": "[{\"added\": {}}]"}}, {"model": "admin.logentry", "pk": 91, "fields": {"action_time": "2018-11-16T11:56:51.462Z", "user": ["admin"], "content_type": ["singgasanaseni", "karya"], "object_id": "43", "object_repr": "Gadis Telanjang", "action_flag": 1, "change_message": "[{\"added\": {}}]"}}, {"model": "admin.logentry", "pk": 92, "fields": {"action_time": "2018-11-16T12:00:07.259Z", "user": ["admin"], "content_type": ["singgasanaseni", "karya"], "object_id": "44", "object_repr": "Jika Tuhan Murka", "action_flag": 1, "change_message": "[{\"added\": {}}]"}}, {"model": "admin.logentry", "pk": 93, "fields": {"action_time": "2018-11-16T12:02:13.588Z", "user": ["admin"], "content_type": ["singgasanaseni", "karya"], "object_id": "45", "object_repr": "Sembrodo Larung", "action_flag": 1, "change_message": "[{\"added\": {}}]"}}, {"model": "admin.logentry", "pk": 94, "fields": {"action_time": "2018-11-16T12:07:26.480Z", "user": ["admin"], "content_type": ["singgasanaseni", "karya"], "object_id": "46", "object_repr": "Peperangan Antara Gatutkaca dan Antasena", "action_flag": 1, "change_message": "[{\"added\": {}}]"}}, {"model": "admin.logentry", "pk": 95, "fields": {"action_time": "2018-11-16T12:52:18.571Z", "user": ["admin"], "content_type": ["singgasanaseni", "karya"], "object_id": "47", "object_repr": "Dalam Sinar Bulan", "action_flag": 1, "change_message": "[{\"added\": {}}]"}}, {"model": "admin.logentry", "pk": 96, "fields": {"action_time": "2018-11-16T12:55:56.721Z", "user": ["admin"], "content_type": ["singgasanaseni", "karya"], "object_id": "48", "object_repr": "Buah-buahan", "action_flag": 1, "change_message": "[{\"added\": {}}]"}}, {"model": "admin.logentry", "pk": 97, "fields": {"action_time": "2018-11-16T12:57:26.305Z", "user": ["admin"], "content_type": ["singgasanaseni", "karya"], "object_id": "49", "object_repr": "Tari Barong", "action_flag": 1, "change_message": "[{\"added\": {}}]"}}, {"model": "admin.logentry", "pk": 98, "fields": {"action_time": "2018-11-16T13:00:18.086Z", "user": ["admin"], "content_type": ["singgasanaseni", "karya"], "object_id": "50", "object_repr": "Dasamuka Terkepung / Lukisan Bali Kuno", "action_flag": 1, "change_message": "[{\"added\": {}}]"}}, {"model": "admin.logentry", "pk": 99, "fields": {"action_time": "2018-11-16T13:02:38.590Z", "user": ["admin"], "content_type": ["singgasanaseni", "karya"], "object_id": "51", "object_repr": "Penari Wanita", "action_flag": 1, "change_message": "[{\"added\": {}}]"}}, {"model": "admin.logentry", "pk": 100, "fields": {"action_time": "2018-11-16T13:04:16.393Z", "user": ["admin"], "content_type": ["singgasanaseni", "karya"], "object_id": "52", "object_repr": "Seorang Opsir Dengan Dua Orang Wanita", "action_flag": 1, "change_message": "[{\"added\": {}}]"}}, {"model": "admin.logentry", "pk": 101, "fields": {"action_time": "2018-11-16T13:10:08.107Z", "user": ["admin"], "content_type": ["singgasanaseni", "karya"], "object_id": "53", "object_repr": "Mangkatnya Raja Airlangga", "action_flag": 1, "change_message": "[{\"added\": {}}]"}}, {"model": "admin.logentry", "pk": 102, "fields": {"action_time": "2018-11-16T13:11:55.706Z", "user": ["admin"], "content_type": ["singgasanaseni", "karya"], "object_id": "54", "object_repr": "Penari Bali Sedang Berhias", "action_flag": 1, "change_message": "[{\"added\": {}}]"}}, {"model": "admin.logentry", "pk": 103, "fields": {"action_time": "2018-11-16T13:13:52.652Z", "user": ["admin"], "content_type": ["singgasanaseni", "karya"], "object_id": "55", "object_repr": "Joged", "action_flag": 1, "change_message": "[{\"added\": {}}]"}}, {"model": "admin.logentry", "pk": 104, "fields": {"action_time": "2018-11-16T13:16:23.820Z", "user": ["admin"], "content_type": ["singgasanaseni", "karya"], "object_id": "56", "object_repr": "Burung Kuntul", "action_flag": 1, "change_message": "[{\"added\": {}}]"}}, {"model": "admin.logentry", "pk": 105, "fields": {"action_time": "2018-11-16T13:18:22.873Z", "user": ["admin"], "content_type": ["singgasanaseni", "karya"], "object_id": "57", "object_repr": "Putri Ikan Duyung", "action_flag": 1, "change_message": "[{\"added\": {}}]"}}, {"model": "admin.logentry", "pk": 106, "fields": {"action_time": "2018-11-16T13:24:54.347Z", "user": ["admin"], "content_type": ["singgasanaseni", "karya"], "object_id": "58", "object_repr": "Lima Wanita", "action_flag": 1, "change_message": "[{\"added\": {}}]"}}, {"model": "admin.logentry", "pk": 107, "fields": {"action_time": "2018-11-16T13:26:29.828Z", "user": ["admin"], "content_type": ["singgasanaseni", "karya"], "object_id": "59", "object_repr": "Seorang Gadis Tanpa Busana", "action_flag": 1, "change_message": "[{\"added\": {}}]"}}, {"model": "admin.logentry", "pk": 108, "fields": {"action_time": "2018-11-16T13:29:01.701Z", "user": ["admin"], "content_type": ["singgasanaseni", "karya"], "object_id": "60", "object_repr": "Wanita Membawa Sajen", "action_flag": 1, "change_message": "[{\"added\": {}}]"}}, {"model": "admin.logentry", "pk": 109, "fields": {"action_time": "2018-11-16T13:31:23.504Z", "user": ["admin"], "content_type": ["singgasanaseni", "karya"], "object_id": "61", "object_repr": "Arjuna Wiwaha", "action_flag": 1, "change_message": "[{\"added\": {}}]"}}, {"model": "admin.logentry", "pk": 110, "fields": {"action_time": "2018-11-16T14:49:22.038Z", "user": ["admin"], "content_type": ["singgasanaseni", "karya"], "object_id": "62", "object_repr": "WJ. Sukirni", "action_flag": 1, "change_message": "[{\"added\": {}}]"}}, {"model": "admin.logentry", "pk": 111, "fields": {"action_time": "2018-11-16T14:52:38.702Z", "user": ["admin"], "content_type": ["singgasanaseni", "karya"], "object_id": "63", "object_repr": "Pertemuan di Pura", "action_flag": 1, "change_message": "[{\"added\": {}}]"}}, {"model": "admin.logentry", "pk": 112, "fields": {"action_time": "2018-11-16T14:53:49.273Z", "user": ["admin"], "content_type": ["singgasanaseni", "karya"], "object_id": "64", "object_repr": "Membakti", "action_flag": 1, "change_message": "[{\"added\": {}}]"}}, {"model": "admin.logentry", "pk": 113, "fields": {"action_time": "2018-11-16T14:55:40.927Z", "user": ["admin"], "content_type": ["singgasanaseni", "karya"], "object_id": "65", "object_repr": "Bung Karno Berpidato", "action_flag": 1, "change_message": "[{\"added\": {}}]"}}, {"model": "admin.logentry", "pk": 114, "fields": {"action_time": "2018-11-16T14:59:01.903Z", "user": ["admin"], "content_type": ["singgasanaseni", "karya"], "object_id": "66", "object_repr": "Lelaki Bali", "action_flag": 1, "change_message": "[{\"added\": {}}]"}}, {"model": "admin.logentry", "pk": 115, "fields": {"action_time": "2018-11-16T15:00:44.545Z", "user": ["admin"], "content_type": ["singgasanaseni", "karya"], "object_id": "67", "object_repr": "Seorang Pemuda Bali", "action_flag": 1, "change_message": "[{\"added\": {}}]"}}, {"model": "admin.logentry", "pk": 116, "fields": {"action_time": "2018-11-16T15:01:54.025Z", "user": ["admin"], "content_type": ["singgasanaseni", "karya"], "object_id": "68", "object_repr": "Wajah Seorang Gadis Bali", "action_flag": 1, "change_message": "[{\"added\": {}}]"}}, {"model": "admin.logentry", "pk": 117, "fields": {"action_time": "2018-11-16T15:04:44.298Z", "user": ["admin"], "content_type": ["singgasanaseni", "karya"], "object_id": "69", "object_repr": "Wanita Telanjang Dada", "action_flag": 1, "change_message": "[{\"added\": {}}]"}}, {"model": "admin.logentry", "pk": 118, "fields": {"action_time": "2018-11-16T15:07:22.229Z", "user": ["admin"], "content_type": ["singgasanaseni", "karya"], "object_id": "70", "object_repr": "Lelaki Bali", "action_flag": 1, "change_message": "[{\"added\": {}}]"}}, {"model": "admin.logentry", "pk": 119, "fields": {"action_time": "2018-11-18T15:51:21.273Z", "user": ["admin"], "content_type": ["singgasanaseni", "karya"], "object_id": "71", "object_repr": "Seorang Sardjana Belanda Tua (Menatap Bola Dunia)", "action_flag": 1, "change_message": "[{\"added\": {}}]"}}, {"model": "admin.logentry", "pk": 120, "fields": {"action_time": "2018-11-18T15:55:00.934Z", "user": ["admin"], "content_type": ["singgasanaseni", "perupa"], "object_id": "14", "object_repr": "Barli", "action_flag": 1, "change_message": "[{\"added\": {}}]"}}, {"model": "admin.logentry", "pk": 121, "fields": {"action_time": "2018-11-18T15:58:51.927Z", "user": ["admin"], "content_type": ["singgasanaseni", "karya"], "object_id": "72", "object_repr": "Mengaso Sebentar", "action_flag": 1, "change_message": "[{\"added\": {}}]"}}, {"model": "admin.logentry", "pk": 122, "fields": {"action_time": "2018-11-18T16:01:06.124Z", "user": ["admin"], "content_type": ["singgasanaseni", "karya"], "object_id": "73", "object_repr": "Abstrak", "action_flag": 1, "change_message": "[{\"added\": {}}]"}}, {"model": "admin.logentry", "pk": 123, "fields": {"action_time": "2018-11-18T16:02:32.124Z", "user": ["admin"], "content_type": ["singgasanaseni", "karya"], "object_id": "74", "object_repr": "Istirahat", "action_flag": 1, "change_message": "[{\"added\": {}}]"}}, {"model": "admin.logentry", "pk": 124, "fields": {"action_time": "2018-11-18T16:03:58.577Z", "user": ["admin"], "content_type": ["singgasanaseni", "karya"], "object_id": "75", "object_repr": "Hilir Mudik / Perahu", "action_flag": 1, "change_message": "[{\"added\": {}}]"}}, {"model": "admin.logentry", "pk": 125, "fields": {"action_time": "2018-11-18T16:05:15.155Z", "user": ["admin"], "content_type": ["singgasanaseni", "karya"], "object_id": "73", "object_repr": "Abstrak", "action_flag": 2, "change_message": "[{\"changed\": {\"fields\": [\"Gambar\"]}}]"}}, {"model": "admin.logentry", "pk": 126, "fields": {"action_time": "2018-11-18T16:07:11.018Z", "user": ["admin"], "content_type": ["singgasanaseni", "karya"], "object_id": "76", "object_repr": "Penjual Buah", "action_flag": 1, "change_message": "[{\"added\": {}}]"}}, {"model": "admin.logentry", "pk": 127, "fields": {"action_time": "2018-11-20T06:37:17.814Z", "user": ["admin"], "content_type": ["singgasanaseni", "perupa"], "object_id": "15", "object_repr": "Dullah", "action_flag": 1, "change_message": "[{\"added\": {}}]"}}, {"model": "admin.logentry", "pk": 128, "fields": {"action_time": "2018-11-20T06:40:44.215Z", "user": ["admin"], "content_type": ["singgasanaseni", "karya"], "object_id": "77", "object_repr": "Pintu Gerbang Suatu Kampung di Bali / Rumah Petani", "action_flag": 1, "change_message": "[{\"added\": {}}]"}}, {"model": "admin.logentry", "pk": 129, "fields": {"action_time": "2018-11-20T06:42:38.501Z", "user": ["admin"], "content_type": ["singgasanaseni", "karya"], "object_id": "78", "object_repr": "Pemandangan", "action_flag": 1, "change_message": "[{\"added\": {}}]"}}, {"model": "admin.logentry", "pk": 130, "fields": {"action_time": "2018-11-20T06:44:48.849Z", "user": ["admin"], "content_type": ["singgasanaseni", "karya"], "object_id": "79", "object_repr": "Persiapan Gerilya", "action_flag": 1, "change_message": "[{\"added\": {}}]"}}, {"model": "admin.logentry", "pk": 131, "fields": {"action_time": "2018-11-20T06:45:38.326Z", "user": ["admin"], "content_type": ["singgasanaseni", "karya"], "object_id": "80", "object_repr": "Jalan Diperkampungan Bali", "action_flag": 1, "change_message": "[{\"added\": {}}]"}}, {"model": "admin.logentry", "pk": 132, "fields": {"action_time": "2018-11-20T06:46:35.542Z", "user": ["admin"], "content_type": ["singgasanaseni", "karya"], "object_id": "81", "object_repr": "Wanita Berbaju Lorek", "action_flag": 1, "change_message": "[{\"added\": {}}]"}}, {"model": "admin.logentry", "pk": 133, "fields": {"action_time": "2018-11-20T06:48:48.163Z", "user": ["admin"], "content_type": ["singgasanaseni", "karya"], "object_id": "82", "object_repr": "Pemandangan di Kintamani", "action_flag": 1, "change_message": "[{\"added\": {}}]"}}, {"model": "admin.logentry", "pk": 134, "fields": {"action_time": "2018-11-20T06:50:41.097Z", "user": ["admin"], "content_type": ["singgasanaseni", "karya"], "object_id": "83", "object_repr": "Praktek Tentara Pendudukan Asing", "action_flag": 1, "change_message": "[{\"added\": {}}]"}}, {"model": "admin.logentry", "pk": 135, "fields": {"action_time": "2018-11-20T06:51:41.122Z", "user": ["admin"], "content_type": ["singgasanaseni", "karya"], "object_id": "84", "object_repr": "Presiden Soekarno", "action_flag": 1, "change_message": "[{\"added\": {}}]"}}, {"model": "admin.logentry", "pk": 136, "fields": {"action_time": "2018-11-20T06:53:42.918Z", "user": ["admin"], "content_type": ["singgasanaseni", "karya"], "object_id": "85", "object_repr": "DR.Sutomo", "action_flag": 1, "change_message": "[{\"added\": {}}]"}}, {"model": "admin.logentry", "pk": 137, "fields": {"action_time": "2018-11-20T06:56:19.625Z", "user": ["admin"], "content_type": ["singgasanaseni", "karya"], "object_id": "86", "object_repr": "Perahu / Pantai Pasir Putih", "action_flag": 1, "change_message": "[{\"added\": {}}]"}}, {"model": "admin.logentry", "pk": 138, "fields": {"action_time": "2018-11-20T06:59:35.229Z", "user": ["admin"], "content_type": ["singgasanaseni", "karya"], "object_id": "87", "object_repr": "WAnita Duduk Berkebaya", "action_flag": 1, "change_message": "[{\"added\": {}}]"}}, {"model": "admin.logentry", "pk": 139, "fields": {"action_time": "2018-11-20T07:04:22.790Z", "user": ["admin"], "content_type": ["singgasanaseni", "karya"], "object_id": "88", "object_repr": "Vas Bunga Teratai", "action_flag": 1, "change_message": "[{\"added\": {}}]"}}, {"model": "admin.logentry", "pk": 140, "fields": {"action_time": "2018-11-20T07:06:21.494Z", "user": ["admin"], "content_type": ["singgasanaseni", "karya"], "object_id": "89", "object_repr": "Bunga Chrysantheum", "action_flag": 1, "change_message": "[{\"added\": {}}]"}}, {"model": "admin.logentry", "pk": 141, "fields": {"action_time": "2018-11-20T07:07:39.787Z", "user": ["admin"], "content_type": ["singgasanaseni", "karya"], "object_id": "90", "object_repr": "Pohon - Pohon", "action_flag": 1, "change_message": "[{\"added\": {}}]"}}, {"model": "admin.logentry", "pk": 142, "fields": {"action_time": "2018-11-20T07:08:44.075Z", "user": ["admin"], "content_type": ["singgasanaseni", "karya"], "object_id": "91", "object_repr": "Wanita Duduk di Kursi", "action_flag": 1, "change_message": "[{\"added\": {}}]"}}, {"model": "admin.logentry", "pk": 143, "fields": {"action_time": "2018-11-20T07:10:21.097Z", "user": ["admin"], "content_type": ["singgasanaseni", "karya"], "object_id": "92", "object_repr": "Pemandangan di Daerah Gunung kidul", "action_flag": 1, "change_message": "[{\"added\": {}}]"}}, {"model": "admin.logentry", "pk": 144, "fields": {"action_time": "2018-11-20T07:11:03.002Z", "user": ["admin"], "content_type": ["singgasanaseni", "karya"], "object_id": "93", "object_repr": "Bunga Gladiola", "action_flag": 1, "change_message": "[{\"added\": {}}]"}}, {"model": "admin.logentry", "pk": 145, "fields": {"action_time": "2018-11-20T07:12:07.376Z", "user": ["admin"], "content_type": ["singgasanaseni", "karya"], "object_id": "94", "object_repr": "Wanita Telanjang dan Kipas Bali", "action_flag": 1, "change_message": "[{\"added\": {}}]"}}, {"model": "admin.logentry", "pk": 146, "fields": {"action_time": "2018-11-20T07:15:05.938Z", "user": ["admin"], "content_type": ["singgasanaseni", "karya"], "object_id": "95", "object_repr": "Ni Made Darmi Penari Bali", "action_flag": 1, "change_message": "[{\"added\": {}}]"}}, {"model": "admin.logentry", "pk": 147, "fields": {"action_time": "2018-11-20T07:16:33.348Z", "user": ["admin"], "content_type": ["singgasanaseni", "karya"], "object_id": "96", "object_repr": "Rangkaian Bunga / Sekumpulan Bunga", "action_flag": 1, "change_message": "[{\"added\": {}}]"}}, {"model": "admin.logentry", "pk": 148, "fields": {"action_time": "2018-11-20T07:17:41.876Z", "user": ["admin"], "content_type": ["singgasanaseni", "karya"], "object_id": "97", "object_repr": "Pemandangan Gunung dan Sawah", "action_flag": 1, "change_message": "[{\"added\": {}}]"}}, {"model": "admin.logentry", "pk": 149, "fields": {"action_time": "2018-11-20T07:19:18.458Z", "user": ["admin"], "content_type": ["singgasanaseni", "karya"], "object_id": "98", "object_repr": "Kebun Istana Presiden Soekarno Sewaktu di Yogya", "action_flag": 1, "change_message": "[{\"added\": {}}]"}}, {"model": "admin.logentry", "pk": 150, "fields": {"action_time": "2018-11-20T07:20:10.100Z", "user": ["admin"], "content_type": ["singgasanaseni", "karya"], "object_id": "99", "object_repr": "Halimah Gadis Aceh", "action_flag": 1, "change_message": "[{\"added\": {}}]"}}, {"model": "admin.logentry", "pk": 151, "fields": {"action_time": "2018-11-20T07:20:57.214Z", "user": ["admin"], "content_type": ["singgasanaseni", "karya"], "object_id": "100", "object_repr": "Teuku Cik Ditiro", "action_flag": 1, "change_message": "[{\"added\": {}}]"}}, {"model": "admin.logentry", "pk": 152, "fields": {"action_time": "2018-11-20T07:22:17.189Z", "user": ["admin"], "content_type": ["singgasanaseni", "karya"], "object_id": "101", "object_repr": "Station Kereta Api", "action_flag": 1, "change_message": "[{\"added\": {}}]"}}, {"model": "admin.logentry", "pk": 153, "fields": {"action_time": "2018-11-20T07:23:44.744Z", "user": ["admin"], "content_type": ["singgasanaseni", "karya"], "object_id": "102", "object_repr": "Menanam Padi", "action_flag": 1, "change_message": "[{\"added\": {}}]"}}, {"model": "admin.logentry", "pk": 154, "fields": {"action_time": "2018-11-20T07:24:40.283Z", "user": ["admin"], "content_type": ["singgasanaseni", "karya"], "object_id": "103", "object_repr": "Siti Faridah", "action_flag": 1, "change_message": "[{\"added\": {}}]"}}, {"model": "admin.logentry", "pk": 155, "fields": {"action_time": "2018-11-20T07:29:55.932Z", "user": ["admin"], "content_type": ["singgasanaseni", "perupa"], "object_id": "16", "object_repr": "Lee Man Fong", "action_flag": 1, "change_message": "[{\"added\": {}}]"}}, {"model": "admin.logentry", "pk": 156, "fields": {"action_time": "2018-11-20T07:33:27.029Z", "user": ["admin"], "content_type": ["singgasanaseni", "karya"], "object_id": "104", "object_repr": "Wanita Duduk Telanjang Dada", "action_flag": 1, "change_message": "[{\"added\": {}}]"}}, {"model": "admin.logentry", "pk": 157, "fields": {"action_time": "2018-11-20T07:34:37.318Z", "user": ["admin"], "content_type": ["singgasanaseni", "karya"], "object_id": "105", "object_repr": "Wanita Duduk Tangan Dipangku", "action_flag": 1, "change_message": "[{\"added\": {}}]"}}, {"model": "admin.logentry", "pk": 158, "fields": {"action_time": "2018-11-20T07:36:14.132Z", "user": ["admin"], "content_type": ["singgasanaseni", "karya"], "object_id": "106", "object_repr": "Wanita Bali Pegang Sesaji", "action_flag": 1, "change_message": "[{\"added\": {}}]"}}, {"model": "admin.logentry", "pk": 159, "fields": {"action_time": "2018-11-20T07:37:30.984Z", "user": ["admin"], "content_type": ["singgasanaseni", "karya"], "object_id": "107", "object_repr": "Wanita Pegang Sesaji", "action_flag": 1, "change_message": "[{\"added\": {}}]"}}, {"model": "admin.logentry", "pk": 160, "fields": {"action_time": "2018-11-20T07:38:59.432Z", "user": ["admin"], "content_type": ["singgasanaseni", "karya"], "object_id": "108", "object_repr": "Penari Legong", "action_flag": 1, "change_message": "[{\"added\": {}}]"}}, {"model": "admin.logentry", "pk": 161, "fields": {"action_time": "2018-11-20T08:08:45.939Z", "user": ["admin"], "content_type": ["singgasanaseni", "karya"], "object_id": "109", "object_repr": "Penari Legong", "action_flag": 1, "change_message": "[{\"added\": {}}]"}}, {"model": "admin.logentry", "pk": 162, "fields": {"action_time": "2018-11-20T08:10:00.606Z", "user": ["admin"], "content_type": ["singgasanaseni", "karya"], "object_id": "108", "object_repr": "Penari Legong", "action_flag": 3, "change_message": ""}}, {"model": "admin.logentry", "pk": 163, "fields": {"action_time": "2018-11-20T08:11:35.445Z", "user": ["admin"], "content_type": ["singgasanaseni", "karya"], "object_id": "110", "object_repr": "Bersimpuh", "action_flag": 1, "change_message": "[{\"added\": {}}]"}}, {"model": "admin.logentry", "pk": 164, "fields": {"action_time": "2018-11-20T10:39:45.793Z", "user": ["admin"], "content_type": ["singgasanaseni", "karya"], "object_id": "111", "object_repr": "Taman Pei-Hai", "action_flag": 1, "change_message": "[{\"added\": {}}]"}}, {"model": "admin.logentry", "pk": 165, "fields": {"action_time": "2018-11-20T10:43:53.628Z", "user": ["admin"], "content_type": ["singgasanaseni", "karya"], "object_id": "112", "object_repr": "Sepasang Ikan Mas Hitam", "action_flag": 1, "change_message": "[{\"added\": {}}]"}}, {"model": "admin.logentry", "pk": 166, "fields": {"action_time": "2018-11-20T10:44:52.459Z", "user": ["admin"], "content_type": ["singgasanaseni", "karya"], "object_id": "113", "object_repr": "Dua Ikan Mas Hitam", "action_flag": 1, "change_message": "[{\"added\": {}}]"}}, {"model": "admin.logentry", "pk": 167, "fields": {"action_time": "2018-11-20T10:46:23.788Z", "user": ["admin"], "content_type": ["singgasanaseni", "karya"], "object_id": "114", "object_repr": "Sketsa Wanita Duduk Bersimpuh", "action_flag": 1, "change_message": "[{\"added\": {}}]"}}, {"model": "admin.logentry", "pk": 168, "fields": {"action_time": "2018-11-20T10:47:29.340Z", "user": ["admin"], "content_type": ["singgasanaseni", "karya"], "object_id": "115", "object_repr": "Wanita Main Jari", "action_flag": 1, "change_message": "[{\"added\": {}}]"}}, {"model": "admin.logentry", "pk": 169, "fields": {"action_time": "2018-11-20T10:48:33.573Z", "user": ["admin"], "content_type": ["singgasanaseni", "karya"], "object_id": "116", "object_repr": "Wanita Bali Menenun", "action_flag": 1, "change_message": "[{\"added\": {}}]"}}, {"model": "admin.logentry", "pk": 170, "fields": {"action_time": "2018-11-20T10:49:33.794Z", "user": ["admin"], "content_type": ["singgasanaseni", "karya"], "object_id": "117", "object_repr": "Wanita Pegang Kipas", "action_flag": 1, "change_message": "[{\"added\": {}}]"}}, {"model": "admin.logentry", "pk": 171, "fields": {"action_time": "2018-11-20T10:51:02.659Z", "user": ["admin"], "content_type": ["singgasanaseni", "karya"], "object_id": "118", "object_repr": "Bunga Mawar Putih", "action_flag": 1, "change_message": "[{\"added\": {}}]"}}, {"model": "admin.logentry", "pk": 172, "fields": {"action_time": "2018-11-20T10:52:01.508Z", "user": ["admin"], "content_type": ["singgasanaseni", "karya"], "object_id": "119", "object_repr": "Bung Karno Dengan Lambang Negara", "action_flag": 1, "change_message": "[{\"added\": {}}]"}}, {"model": "admin.logentry", "pk": 173, "fields": {"action_time": "2018-11-20T10:53:20.330Z", "user": ["admin"], "content_type": ["singgasanaseni", "karya"], "object_id": "120", "object_repr": "Ada Bunga Sepatu Ditelinganya", "action_flag": 1, "change_message": "[{\"added\": {}}]"}}, {"model": "admin.logentry", "pk": 174, "fields": {"action_time": "2018-11-20T10:54:33.875Z", "user": ["admin"], "content_type": ["singgasanaseni", "karya"], "object_id": "121", "object_repr": "Wanita Jepang", "action_flag": 1, "change_message": "[{\"added\": {}}]"}}, {"model": "admin.logentry", "pk": 175, "fields": {"action_time": "2018-11-20T10:55:45.769Z", "user": ["admin"], "content_type": ["singgasanaseni", "karya"], "object_id": "122", "object_repr": "Sepesang Ayam Putih", "action_flag": 1, "change_message": "[{\"added\": {}}]"}}, {"model": "admin.logentry", "pk": 176, "fields": {"action_time": "2018-11-20T10:57:12.967Z", "user": ["admin"], "content_type": ["singgasanaseni", "karya"], "object_id": "123", "object_repr": "Membakar Sate / Penjual Sate", "action_flag": 1, "change_message": "[{\"added\": {}}]"}}, {"model": "admin.logentry", "pk": 177, "fields": {"action_time": "2018-11-20T11:00:19.453Z", "user": ["admin"], "content_type": ["singgasanaseni", "karya"], "object_id": "124", "object_repr": "Potret Bapak Presiden Soekarno / Ayahanda", "action_flag": 1, "change_message": "[{\"added\": {}}]"}}, {"model": "admin.logentry", "pk": 178, "fields": {"action_time": "2018-11-20T11:01:17.606Z", "user": ["admin"], "content_type": ["singgasanaseni", "karya"], "object_id": "125", "object_repr": "Potret Megawati Soekarnoputri", "action_flag": 1, "change_message": "[{\"added\": {}}]"}}, {"model": "admin.logentry", "pk": 179, "fields": {"action_time": "2018-11-20T11:13:25.162Z", "user": ["admin"], "content_type": ["singgasanaseni", "karya"], "object_id": "126", "object_repr": "Wanita Memegang Suling", "action_flag": 1, "change_message": "[{\"added\": {}}]"}}, {"model": "admin.logentry", "pk": 180, "fields": {"action_time": "2018-11-20T11:14:44.718Z", "user": ["admin"], "content_type": ["singgasanaseni", "karya"], "object_id": "127", "object_repr": "Godaan Pada Waktu Bertapa", "action_flag": 1, "change_message": "[{\"added\": {}}]"}}, {"model": "admin.logentry", "pk": 181, "fields": {"action_time": "2018-11-20T11:15:48.265Z", "user": ["admin"], "content_type": ["singgasanaseni", "karya"], "object_id": "128", "object_repr": "Gadis Remaja", "action_flag": 1, "change_message": "[{\"added\": {}}]"}}, {"model": "admin.logentry", "pk": 182, "fields": {"action_time": "2018-11-20T11:17:16.509Z", "user": ["admin"], "content_type": ["singgasanaseni", "karya"], "object_id": "129", "object_repr": "Penari Wanita", "action_flag": 1, "change_message": "[{\"added\": {}}]"}}, {"model": "admin.logentry", "pk": 183, "fields": {"action_time": "2018-11-20T11:18:05.048Z", "user": ["admin"], "content_type": ["singgasanaseni", "karya"], "object_id": "126", "object_repr": "Wanita Memegang Suling", "action_flag": 2, "change_message": "[{\"changed\": {\"fields\": [\"No_Index\", \"Perupa\"]}}]"}}, {"model": "admin.logentry", "pk": 184, "fields": {"action_time": "2018-11-20T11:18:15.762Z", "user": ["admin"], "content_type": ["singgasanaseni", "karya"], "object_id": "127", "object_repr": "Godaan Pada Waktu Bertapa", "action_flag": 2, "change_message": "[{\"changed\": {\"fields\": [\"Perupa\"]}}]"}}, {"model": "admin.logentry", "pk": 185, "fields": {"action_time": "2018-11-20T11:24:26.064Z", "user": ["admin"], "content_type": ["singgasanaseni", "karya"], "object_id": "130", "object_repr": "Ikan mas Koki", "action_flag": 1, "change_message": "[{\"added\": {}}]"}}, {"model": "admin.logentry", "pk": 186, "fields": {"action_time": "2018-11-20T11:27:57.877Z", "user": ["admin"], "content_type": ["singgasanaseni", "karya"], "object_id": "131", "object_repr": "Teluk", "action_flag": 1, "change_message": "[{\"added\": {}}]"}}, {"model": "admin.logentry", "pk": 187, "fields": {"action_time": "2018-11-20T11:28:59.022Z", "user": ["admin"], "content_type": ["singgasanaseni", "karya"], "object_id": "132", "object_repr": "Wanita Berkebaya Tersenyum", "action_flag": 1, "change_message": "[{\"added\": {}}]"}}, {"model": "admin.logentry", "pk": 188, "fields": {"action_time": "2018-11-20T11:30:11.155Z", "user": ["admin"], "content_type": ["singgasanaseni", "karya"], "object_id": "133", "object_repr": "Bung Karno", "action_flag": 1, "change_message": "[{\"added\": {}}]"}}, {"model": "admin.logentry", "pk": 189, "fields": {"action_time": "2018-11-20T11:32:47.662Z", "user": ["admin"], "content_type": ["singgasanaseni", "karya"], "object_id": "134", "object_repr": "Musim Semi di Jepang", "action_flag": 1, "change_message": "[{\"added\": {}}]"}}, {"model": "admin.logentry", "pk": 190, "fields": {"action_time": "2018-11-20T11:36:36.884Z", "user": ["admin"], "content_type": ["singgasanaseni", "karya"], "object_id": "135", "object_repr": "Anggrek Putih", "action_flag": 1, "change_message": "[{\"added\": {}}]"}}, {"model": "admin.logentry", "pk": 191, "fields": {"action_time": "2018-11-20T11:39:51.663Z", "user": ["admin"], "content_type": ["singgasanaseni", "karya"], "object_id": "136", "object_repr": "Pagoda / Pura", "action_flag": 1, "change_message": "[{\"added\": {}}]"}}, {"model": "admin.logentry", "pk": 192, "fields": {"action_time": "2018-11-20T11:47:31.916Z", "user": ["admin"], "content_type": ["singgasanaseni", "perupa"], "object_id": "17", "object_repr": "Sudarso", "action_flag": 1, "change_message": "[{\"added\": {}}]"}}, {"model": "admin.logentry", "pk": 193, "fields": {"action_time": "2018-11-20T11:49:22.056Z", "user": ["admin"], "content_type": ["singgasanaseni", "karya"], "object_id": "137", "object_repr": "Perkampungan Di Bali", "action_flag": 1, "change_message": "[{\"added\": {}}]"}}, {"model": "admin.logentry", "pk": 194, "fields": {"action_time": "2018-11-20T11:51:05.841Z", "user": ["admin"], "content_type": ["singgasanaseni", "karya"], "object_id": "138", "object_repr": "Wanita Memakai Setagen Merah", "action_flag": 1, "change_message": "[{\"added\": {}}]"}}, {"model": "admin.logentry", "pk": 195, "fields": {"action_time": "2018-11-20T11:52:24.906Z", "user": ["admin"], "content_type": ["singgasanaseni", "karya"], "object_id": "139", "object_repr": "Husni Thamrin", "action_flag": 1, "change_message": "[{\"added\": {}}]"}}, {"model": "admin.logentry", "pk": 196, "fields": {"action_time": "2018-11-20T11:53:28.416Z", "user": ["admin"], "content_type": ["singgasanaseni", "karya"], "object_id": "140", "object_repr": "Wanita Kebaya Kuning", "action_flag": 1, "change_message": "[{\"added\": {}}]"}}, {"model": "admin.logentry", "pk": 197, "fields": {"action_time": "2018-11-20T11:56:40.053Z", "user": ["admin"], "content_type": ["singgasanaseni", "karya"], "object_id": "141", "object_repr": "Kali Campuan", "action_flag": 1, "change_message": "[{\"added\": {}}]"}}, {"model": "admin.logentry", "pk": 198, "fields": {"action_time": "2018-11-20T11:59:52.388Z", "user": ["admin"], "content_type": ["singgasanaseni", "karya"], "object_id": "142", "object_repr": "Menanti Suami", "action_flag": 1, "change_message": "[{\"added\": {}}]"}}, {"model": "admin.logentry", "pk": 199, "fields": {"action_time": "2018-11-20T12:01:19.685Z", "user": ["admin"], "content_type": ["singgasanaseni", "karya"], "object_id": "143", "object_repr": "Wanita Kebaya Kembang-kembang", "action_flag": 1, "change_message": "[{\"added\": {}}]"}}, {"model": "admin.logentry", "pk": 200, "fields": {"action_time": "2018-11-20T12:02:36.275Z", "user": ["admin"], "content_type": ["singgasanaseni", "karya"], "object_id": "144", "object_repr": "Dik Kedah", "action_flag": 1, "change_message": "[{\"added\": {}}]"}}, {"model": "admin.logentry", "pk": 201, "fields": {"action_time": "2018-11-20T12:05:08.483Z", "user": ["admin"], "content_type": ["singgasanaseni", "karya"], "object_id": "145", "object_repr": "Wanita Yogya", "action_flag": 1, "change_message": "[{\"added\": {}}]"}}, {"model": "admin.logentry", "pk": 202, "fields": {"action_time": "2018-11-20T12:06:26.020Z", "user": ["admin"], "content_type": ["singgasanaseni", "karya"], "object_id": "146", "object_repr": "DR.Cipto Mangunkusumo", "action_flag": 1, "change_message": "[{\"added\": {}}]"}}, {"model": "admin.logentry", "pk": 203, "fields": {"action_time": "2018-11-20T12:08:52.304Z", "user": ["admin"], "content_type": ["singgasanaseni", "karya"], "object_id": "147", "object_repr": "Wanita Yogya / Dik Sudilah", "action_flag": 1, "change_message": "[{\"added\": {}}]"}}, {"model": "admin.logentry", "pk": 204, "fields": {"action_time": "2018-11-20T12:23:44.671Z", "user": ["admin"], "content_type": ["singgasanaseni", "karya"], "object_id": "117", "object_repr": "Wanita Pegang Kipas", "action_flag": 2, "change_message": "[{\"changed\": {\"fields\": [\"Perupa\"]}}]"}}, {"model": "admin.logentry", "pk": 205, "fields": {"action_time": "2018-11-20T12:34:16.704Z", "user": ["admin"], "content_type": ["singgasanaseni", "karya"], "object_id": "126", "object_repr": "Wanita Memegang Suling", "action_flag": 2, "change_message": "[{\"changed\": {\"fields\": [\"Gambar\"]}}]"}}, {"model": "admin.logentry", "pk": 206, "fields": {"action_time": "2018-11-20T12:46:07.123Z", "user": ["admin"], "content_type": ["singgasanaseni", "karya"], "object_id": "148", "object_repr": "Potret Seorang Gadis", "action_flag": 1, "change_message": "[{\"added\": {}}]"}}, {"model": "admin.logentry", "pk": 207, "fields": {"action_time": "2018-11-20T12:47:06.695Z", "user": ["admin"], "content_type": ["singgasanaseni", "karya"], "object_id": "149", "object_repr": "Potret Dari Solo", "action_flag": 1, "change_message": "[{\"added\": {}}]"}}, {"model": "admin.logentry", "pk": 208, "fields": {"action_time": "2018-11-20T12:50:02.734Z", "user": ["admin"], "content_type": ["singgasanaseni", "karya"], "object_id": "150", "object_repr": "Wanita Duduk di Atas Rumput", "action_flag": 1, "change_message": "[{\"added\": {}}]"}}, {"model": "admin.logentry", "pk": 209, "fields": {"action_time": "2018-11-20T12:50:45.860Z", "user": ["admin"], "content_type": ["singgasanaseni", "karya"], "object_id": "87", "object_repr": "Wanita Duduk Berkebaya", "action_flag": 2, "change_message": "[{\"changed\": {\"fields\": [\"Judul\"]}}]"}}, {"model": "admin.logentry", "pk": 210, "fields": {"action_time": "2018-11-20T12:52:07.592Z", "user": ["admin"], "content_type": ["singgasanaseni", "karya"], "object_id": "151", "object_repr": "Wanita Duduk di Atas Karang", "action_flag": 1, "change_message": "[{\"added\": {}}]"}}, {"model": "admin.logentry", "pk": 211, "fields": {"action_time": "2018-11-20T12:53:37.806Z", "user": ["admin"], "content_type": ["singgasanaseni", "karya"], "object_id": "152", "object_repr": "Wanita Berdiri Memegang Pipi", "action_flag": 1, "change_message": "[{\"added\": {}}]"}}]